date,factor_TS,factor_PRET,factor_R2
1969-03-31,0.03148008,0.00166840,0.00740474
1969-04-30,0.01492577,0.02456828,0.00145103
1969-05-31,0.03343448,0.01925404,0.00738231
1969-06-30,-0.04385261,0.00938729,0.04383270
1969-07-31,0.00412699,0.00561676,0.01184972
1969-08-31,0.00000000,0.00000000,0.00000000
1969-09-30,0.00000000,0.00000000,0.00000000
1969-10-31,-0.08183795,-0.01732366,-0.02666201
1969-11-30,0.06790233,0.03703237,0.01707970
1969-12-31,0.10081906,0.04934894,0.02131859
1970-01-31,-0.03472407,0.01108621,0.02180077
1970-02-28,-0.03285834,-0.01914659,0.00707758
1970-03-31,-0.03124354,-0.00186726,0.02745325
1970-04-30,0.05139495,0.02075138,0.00588409
1970-05-31,0.01432146,0.02839128,0.00839452
1970-06-30,0.04242856,0.00847221,-0.00803553
1970-07-31,-0.04328116,-0.00261212,0.02158059
1970-08-31,-0.00856778,0.00156344,0.05916358
1970-09-30,-0.01803914,0.00499082,0.09941018
1970-10-31,-0.00057630,-0.02217771,-0.04478493
1970-11-30,-0.01257103,-0.01939987,0.00144527
1970-12-31,0.05146948,0.03328518,-0.00556099
1971-01-31,0.07362507,0.08936898,-0.00099948
1971-02-28,0.02061567,0.02648266,-0.00113771
1971-03-31,0.01927817,0.01627547,-0.01082001
1971-04-30,0.00254213,0.00048710,0.00561299
1971-05-31,-0.01703602,-0.02135535,-0.00569068
1971-06-30,-0.02643910,-0.03004399,0.00465748
1971-07-31,0.03125389,0.01864504,-0.00928143
1971-08-31,-0.01122043,-0.00975029,-0.00397315
1971-09-30,-0.01562694,-0.01831243,-0.02287676
1971-10-31,-0.01253333,-0.00292176,-0.00399136
1971-11-30,0.00057253,0.01170017,-0.01443828
1971-12-31,0.03362440,0.02735329,-0.01930214
1972-01-31,-0.02000086,0.00400013,-0.01859530
1972-02-29,0.03621848,0.01482678,-0.00227399
1972-03-31,0.02517542,0.01779560,0.00891634
1972-04-30,0.01693834,0.02084980,0.00377200
1972-05-31,0.02638904,0.01983003,0.01237318
1972-06-30,0.02627353,0.01877162,0.00292244
1972-07-31,0.00539061,0.00913895,-0.00246886
1972-08-31,-0.07002928,-0.04663772,-0.01499291
1972-09-30,0.02163131,0.00812413,-0.00148931
1972-10-31,-0.00261675,0.01078027,0.00091368
1972-11-30,-0.05433800,-0.00260823,-0.01235449
1972-12-31,0.06688075,0.00878938,0.00471515
1973-01-31,0.01898077,0.02469559,0.00437693
1973-02-28,0.03689231,-0.00012230,-0.00008491
1973-03-31,0.04296849,0.02904736,-0.00716670
1973-04-30,0.07674888,0.04122014,0.00199669
1973-05-31,0.09535305,0.03317200,-0.00973817
1973-06-30,0.05042077,0.03120134,-0.00718146
1973-07-31,-0.12258126,-0.03666210,0.02231533
1973-08-31,0.06195291,0.03512738,0.01892869
1973-09-30,-0.04610368,-0.02126750,-0.00521502
1973-10-31,0.06057032,0.03179409,0.01304630
1973-11-30,0.03079478,0.01413072,0.00839655
1973-12-31,0.06035724,0.03550390,0.02337420
1974-01-31,-0.01365439,-0.05803316,-0.02922225
1974-02-28,0.01081489,0.00223364,0.00781238
1974-03-31,-0.04713480,0.00036940,-0.00161801
1974-04-30,0.00123827,0.00645268,-0.00571762
1974-05-31,-0.01200221,-0.01193092,-0.00229219
1974-06-30,0.02796913,0.00703883,-0.00837737
1974-07-31,0.11185967,0.04311590,-0.00019456
1974-08-31,0.06573774,0.02351229,-0.01903508
1974-09-30,0.10665090,0.04235484,0.02162919
1974-10-31,-0.06275430,0.01166922,-0.00830889
1974-11-30,0.00973902,0.00380109,-0.00270260
1974-12-31,0.06047775,0.03138690,0.02569780
1975-01-31,-0.04663282,0.01622778,-0.00810289
1975-02-28,-0.01159760,-0.00938606,-0.00236781
1975-03-31,-0.01501121,0.01807190,-0.01261358
1975-04-30,-0.00630465,-0.01905686,-0.01771959
1975-05-31,-0.00022440,-0.01495419,-0.01547292
1975-06-30,0.03728684,0.01252675,-0.01615761
1975-07-31,0.02943456,-0.00101089,-0.02355452
1975-08-31,0.02252641,-0.00606282,0.00055672
1975-09-30,-0.01861849,-0.00773975,-0.00315115
1975-10-31,0.01676873,0.01261980,-0.01113221
1975-11-30,0.01487980,0.01371167,-0.00952237
1975-12-31,0.04097217,0.02690790,-0.00771231
1976-01-31,0.08375164,0.05671954,-0.00600756
1976-02-29,0.02126158,0.01367538,-0.01764204
1976-03-31,0.01892709,0.00978752,0.00804748
1976-04-30,0.00183020,-0.00320472,0.00276150
1976-05-31,0.01374288,0.00910138,0.00092786
1976-06-30,0.02476881,0.00263025,-0.01048236
1976-07-31,0.02368721,0.01817341,0.01162955
1976-08-31,0.01163764,-0.00278604,0.00844660
1976-09-30,-0.00567293,0.00018958,-0.00651427
1976-10-31,-0.00599898,-0.00595054,-0.00040116
1976-11-30,0.01289739,0.00700812,-0.00354037
1976-12-31,0.05055526,0.03869053,0.00068444
1977-01-31,0.01320768,0.00540104,0.01062872
1977-02-28,0.01291982,0.01874649,0.01294208
1977-03-31,0.01405201,0.01215915,0.01003916
1977-04-30,0.00053833,0.00018059,0.00824547
1977-05-31,0.01659638,0.01406897,0.01146412
1977-06-30,-0.00381430,-0.00480281,-0.01210174
1977-07-31,0.00508880,0.02022277,0.01436531
1977-08-31,-0.00126974,-0.00174476,-0.00175116
1977-09-30,0.00000000,0.00000000,0.00000000
1977-10-31,0.00000000,0.00000000,0.00000000
1977-11-30,0.00000000,0.00000000,0.00000000
1977-12-31,0.00000000,0.00000000,0.00000000
1978-01-31,0.00000000,0.00000000,0.00000000
1978-02-28,0.00000000,0.00000000,0.00000000
1978-03-31,0.00000000,0.00000000,0.00000000
1978-04-30,0.00000000,0.00000000,0.00000000
1978-05-31,0.00000000,0.00000000,0.00000000
1978-06-30,0.00000000,0.00000000,0.00000000
1978-07-31,0.00000000,0.00000000,0.00000000
1978-08-31,0.03745443,0.03110648,0.02540103
1978-09-30,0.02444882,-0.00547697,-0.01561199
1978-10-31,-0.00261831,0.00156810,0.00153225
1978-11-30,0.06727285,0.03079062,0.01861806
1978-12-31,0.04301539,0.01925447,0.01336702
1979-01-31,0.05256299,0.01171920,-0.01554533
1979-02-28,-0.01166027,-0.01370265,-0.00879978
1979-03-31,0.03954523,0.04200452,0.00313350
1979-04-30,0.02435218,0.00442876,-0.00505258
1979-05-31,-0.00358861,-0.00334570,-0.00321372
1979-06-30,-0.01046433,0.00260900,-0.00759372
1979-07-31,0.02635644,-0.00133230,0.00871155
1979-08-31,0.03352948,0.00367977,-0.01186900
1979-09-30,-0.00417954,-0.01743292,-0.02375187
1979-10-31,-0.03608309,-0.03083929,-0.02419079
1979-11-30,0.07535909,0.06958129,-0.00322005
1979-12-31,0.04551501,0.03443016,0.00136316
1980-01-31,0.05082673,0.03170627,-0.01217788
1980-02-29,0.03989734,0.04345504,-0.00707521
1980-03-31,-0.08357818,-0.08587662,0.02696276
1980-04-30,-0.00099457,0.02982176,0.00723038
1980-05-31,-0.00235405,-0.00721313,-0.00611186
1980-06-30,0.02646474,0.02281814,0.01936177
1980-07-31,0.08483821,0.03253247,0.01690166
1980-08-31,0.05125405,0.02542504,0.01654507
1980-09-30,0.07027195,0.05334964,0.01693574
1980-10-31,0.03541812,0.04791323,0.02256198
1980-11-30,0.10889023,0.10879499,0.02506404
1980-12-31,-0.02588577,-0.04458515,0.00204551
1981-01-31,-0.09318438,-0.06625204,0.02220176
1981-02-28,-0.01983926,-0.01288432,0.00631031
1981-03-31,0.01982229,0.02192564,0.00255820
1981-04-30,-0.01475381,-0.00970798,0.00688567
1981-05-31,0.01426666,0.02096186,0.01052331
1981-06-30,-0.03658195,-0.07308262,-0.02664931
1981-07-31,0.02787504,0.00147483,-0.00479721
1981-08-31,0.00919513,-0.01473995,0.01607699
1981-09-30,0.00799698,0.01101389,0.02852213
1981-10-31,-0.05027674,-0.03742730,-0.04426929
1981-11-30,0.01483210,0.01400424,0.02512822
1981-12-31,0.01276809,0.00822326,0.00398669
1982-01-31,0.00535684,0.01665319,0.03640325
1982-02-28,0.04573383,0.01698852,-0.01051937
1982-03-31,0.03036181,-0.00032449,-0.01623545
1982-04-30,-0.01939548,-0.00855600,-0.00498857
1982-05-31,0.03920387,0.02430039,0.00865035
1982-06-30,0.06180565,-0.00257311,-0.01949774
1982-07-31,0.01254962,0.00383910,0.00135589
1982-08-31,0.00000000,0.00000000,0.00000000
1982-09-30,0.00000000,0.00000000,0.00000000
1982-10-31,0.00000000,0.00000000,0.00000000
1982-11-30,0.00000000,0.00000000,0.00000000
1982-12-31,0.00000000,0.00000000,0.00000000
1983-01-31,0.00000000,0.00000000,0.00000000
1983-02-28,0.00000000,0.00000000,0.00000000
1983-03-31,0.00000000,0.00000000,0.00000000
1983-04-30,0.00000000,0.00000000,0.00000000
1983-05-31,0.00000000,0.00000000,0.00000000
1983-06-30,0.00000000,0.00000000,0.00000000
1983-07-31,0.00000000,0.00000000,0.00000000
1983-08-31,0.00000000,0.00000000,0.00000000
1983-09-30,-0.00610323,0.00342520,0.00530031
1983-10-31,-0.03360850,0.02202787,0.03386611
1983-11-30,0.06822826,0.00722629,-0.01315542
1983-12-31,0.03453259,0.01695144,0.00335113
1984-01-31,0.06586313,0.04618488,-0.00200185
1984-02-29,0.02495961,0.00842828,0.00509477
1984-03-31,0.00147111,0.00283492,0.00830010
1984-04-30,-0.00008532,0.00880500,0.00738201
1984-05-31,0.00840242,0.01827694,0.01524665
1984-06-30,-0.01162804,-0.00277216,0.00264429
1984-07-31,0.00627630,-0.00187432,-0.02836387
1984-08-31,-0.02657426,0.00646656,0.02920585
1984-09-30,0.03647537,0.01535409,-0.00845669
1984-10-31,0.01498152,-0.00328566,0.00314938
1984-11-30,0.01695227,0.00583651,-0.00438078
1984-12-31,0.00934311,0.00566943,0.00024693
1985-01-31,-0.02504503,-0.01258139,-0.02052143
1985-02-28,0.01219196,0.00231134,0.00047755
1985-03-31,0.01858098,0.00221795,0.00444956
1985-04-30,0.00597960,-0.00127585,-0.01609189
1985-05-31,0.01731378,0.00015668,-0.01316089
1985-06-30,-0.00280787,0.00320606,-0.01010769
1985-07-31,0.03270333,0.00549322,0.01119123
1985-08-31,0.00666354,0.00321927,0.00177455
1985-09-30,-0.02416125,0.01777746,-0.00084841
1985-10-31,0.03590639,-0.00076425,0.00207211
1985-11-30,0.00000000,0.00000000,0.00000000
1985-12-31,0.00000000,0.00000000,0.00000000
1986-01-31,0.00000000,0.00000000,0.00000000
1986-02-28,0.00000000,0.00000000,0.00000000
1986-03-31,0.00000000,0.00000000,0.00000000
1986-04-30,0.00000000,0.00000000,0.00000000
1986-05-31,0.00000000,0.00000000,0.00000000
1986-06-30,0.00000000,0.00000000,0.00000000
1986-07-31,0.00000000,0.00000000,0.00000000
1986-08-31,0.00000000,0.00000000,0.00000000
1986-09-30,0.00000000,0.00000000,0.00000000
1986-10-31,0.00222168,0.00387895,0.00293054
1986-11-30,-0.02257494,0.00006802,0.00107677
1986-12-31,-0.01071132,-0.00607177,0.00650863
1987-01-31,-0.00896710,0.02002800,-0.02578673
1987-02-28,-0.02582906,0.01293358,0.00015014
1987-03-31,0.00620983,0.00704412,-0.02258485
1987-04-30,-0.01250841,-0.00397362,-0.02640171
1987-05-31,0.00180697,0.00290102,0.00381500
1987-06-30,0.02681359,0.01643949,0.00469426
1987-07-31,0.01378360,0.00044541,-0.00854017
1987-08-31,0.03191660,0.00872138,-0.00495381
1987-09-30,0.00356381,0.00289044,-0.00041251
1987-10-31,0.12498573,-0.04006629,-0.01753884
1987-11-30,-0.04128092,0.01188294,0.01727534
1987-12-31,0.06996894,0.01114677,-0.05463966
1988-01-31,0.03185004,0.00304487,0.01012273
1988-02-29,0.02369972,0.01071280,0.01016455
1988-03-31,0.00305762,-0.00116061,0.00207213
1988-04-30,0.00868860,0.00137290,-0.01337039
1988-05-31,0.00717607,0.00819340,0.01128414
1988-06-30,0.01422403,-0.01439961,-0.02082459
1988-07-31,0.02585833,0.02181061,0.01731714
1988-08-31,0.01126542,0.01206288,0.02298240
1988-09-30,0.00835104,-0.00161752,-0.00650155
1988-10-31,-0.00442359,-0.00560879,0.00747095
1988-11-30,0.00793707,-0.00517679,0.00927388
1988-12-31,0.00203546,0.00602897,-0.00640923
1989-01-31,0.00801522,0.00526221,-0.00890733
1989-02-28,0.00459082,-0.00529738,-0.00390053
1989-03-31,0.00852001,-0.00522669,-0.00904318
1989-04-30,-0.00724879,0.00448801,-0.00487852
1989-05-31,-0.00293618,-0.00202662,-0.00639943
1989-06-30,0.03360960,0.00095359,-0.00470117
1989-07-31,-0.00121028,0.01673767,0.02085643
1989-08-31,0.00000000,0.00000000,0.00000000
1989-09-30,0.00000000,0.00000000,0.00000000
1989-10-31,0.00000000,0.00000000,0.00000000
1989-11-30,0.00000000,0.00000000,0.00000000
1989-12-31,0.00000000,0.00000000,0.00000000
1990-01-31,0.02840345,-0.00595579,-0.01019520
1990-02-28,-0.01401973,-0.00109047,0.00107247
1990-03-31,0.01354422,0.01682196,0.00261347
1990-04-30,0.04016104,0.01622393,0.01576743
1990-05-31,0.06106279,0.03755713,-0.01341767
1990-06-30,0.03785221,0.02970995,0.01929895
1990-07-31,0.04211867,0.02486535,0.01530806
1990-08-31,-0.01523562,-0.01919642,0.01455525
1990-09-30,0.05639373,0.04299892,0.03159091
1990-10-31,0.06075620,0.03959483,0.01490506
1990-11-30,-0.02369659,-0.03206298,-0.01844206
1990-12-31,0.01148826,0.01751363,0.01733703
1991-01-31,0.01926065,0.01682169,0.00312593
1991-02-28,-0.00673625,-0.01348387,-0.01605517
1991-03-31,0.00524052,-0.00147687,0.00661140
1991-04-30,-0.00520650,-0.02386730,-0.00210153
1991-05-31,0.02521280,0.00260029,-0.01345208
1991-06-30,-0.01949206,0.00072515,0.03036060
1991-07-31,0.04551195,0.02929606,-0.00824480
1991-08-31,0.02588282,0.01789785,0.00882342
1991-09-30,0.00517576,0.01084493,0.00382480
1991-10-31,0.00287238,0.02189286,0.00122848
1991-11-30,0.00005456,-0.00377465,0.00720593
1991-12-31,0.06389485,0.03662010,0.00697108
1992-01-31,0.00712725,0.03587391,0.03678887
1992-02-29,-0.02736916,-0.01504257,-0.01889917
1992-03-31,-0.01247271,-0.00779781,-0.00392689
1992-04-30,0.00000000,0.00000000,0.00000000
1992-05-31,0.00000000,0.00000000,0.00000000
1992-06-30,0.00000000,0.00000000,0.00000000
1992-07-31,0.00000000,0.00000000,0.00000000
1992-08-31,0.00000000,0.00000000,0.00000000
1992-09-30,0.00761593,0.00060297,-0.00539288
1992-10-31,0.00629743,-0.01133445,-0.01695355
1992-11-30,0.00969455,-0.01079850,-0.01578972
1992-12-31,0.00320416,-0.01135176,-0.01651575
1993-01-31,0.01872460,0.00353499,-0.01710898
1993-02-28,0.06848484,0.05013455,-0.03008233
1993-03-31,0.00815220,0.01183319,-0.00155196
1993-04-30,0.05482659,0.03322624,0.01213314
1993-05-31,0.05038229,-0.02056794,-0.00363532
1993-06-30,0.04060756,0.02417768,0.01266019
1993-07-31,0.02669009,0.01382181,0.00862644
1993-08-31,0.03890421,0.01728499,0.01164104
1993-09-30,0.02782440,0.01989321,0.01534173
1993-10-31,0.00079600,-0.00377072,0.00087892
1993-11-30,-0.03027764,-0.01280182,-0.01774034
1993-12-31,0.01725149,0.00616382,0.00463140
1994-01-31,0.00785009,-0.00013779,0.00193593
1994-02-28,0.00354072,0.00323946,-0.00590022
1994-03-31,0.01350199,-0.00161302,-0.00348615
1994-04-30,-0.01272988,0.00153763,-0.01164616
1994-05-31,-0.00331175,-0.01679636,0.01096259
1994-06-30,0.00772358,0.01617475,-0.01111787
1994-07-31,0.00951072,0.00360607,-0.00406226
1994-08-31,0.01798529,0.00227413,-0.00374591
1994-09-30,-0.00729615,-0.01292875,0.00171276
1994-10-31,-0.01593131,-0.01728015,-0.00032898
1994-11-30,0.00339370,0.00125941,0.00193711
1994-12-31,-0.00773909,0.00249062,-0.00349314
1995-01-31,0.05304743,0.00828929,0.00488850
1995-02-28,-0.00601198,-0.00507787,-0.00788300
1995-03-31,0.01321207,0.00423332,-0.00857155
1995-04-30,0.00845572,0.00050275,-0.00179154
1995-05-31,-0.00319179,0.00572673,-0.00579202
1995-06-30,0.00981572,0.03479787,0.03921622
1995-07-31,0.00649942,0.02657258,0.02139487
1995-08-31,0.00000000,0.00000000,0.00000000
1995-09-30,-0.01021364,-0.01054442,-0.00351263
1995-10-31,0.02056513,0.01794968,0.01914360
1995-11-30,0.02003346,0.00285410,0.00146073
1995-12-31,0.00477463,0.01020942,0.00666019
1996-01-31,-0.08058779,-0.04149854,-0.01955174
1996-02-29,0.00000000,0.00000000,0.00000000
1996-03-31,0.00000000,0.00000000,0.00000000
1996-04-30,0.00000000,0.00000000,0.00000000
1996-05-31,0.00000000,0.00000000,0.00000000
1996-06-30,0.00000000,0.00000000,0.00000000
1996-07-31,0.06342567,-0.01546043,0.00391639
1996-08-31,0.07201055,-0.00620887,0.00705099
1996-09-30,0.05617251,0.03711470,0.03016326
1996-10-31,0.01360985,0.00467987,0.00288478
1996-11-30,-0.00671879,0.00440688,0.00508279
1996-12-31,0.00936238,0.00270976,0.00410468
1997-01-31,0.02190782,0.00785795,0.01107952
1997-02-28,0.03226732,0.01386774,0.01283533
1997-03-31,-0.00257840,0.00440534,0.00102554
1997-04-30,0.05547759,0.03210699,0.00058719
1997-05-31,0.00124500,-0.00038741,0.02099874
1997-06-30,0.01102896,-0.00040435,-0.00071971
1997-07-31,0.01392089,0.00042892,0.00298985
1997-08-31,-0.03095197,-0.02256347,-0.00791782
1997-09-30,0.00168958,0.00299126,-0.00461179
1997-10-31,0.04891312,0.01678897,-0.01763404
1997-11-30,0.01462358,0.02078726,0.00897194
1997-12-31,-0.02843259,0.01387408,0.00407458
1998-01-31,0.05098834,0.00708230,0.00198532
1998-02-28,0.06835217,0.01588293,0.00544835
1998-03-31,-0.01117590,0.00318176,-0.00366955
1998-04-30,0.01999421,0.01152346,0.00831370
1998-05-31,0.01373322,-0.00072886,-0.00901318
1998-06-30,-0.03257899,-0.00165021,-0.01292917
1998-07-31,0.01006458,0.01796134,-0.02392935
1998-08-31,0.02654124,-0.01196058,0.01626930
1998-09-30,0.00555598,0.00096553,-0.02239139
1998-10-31,-0.03307497,-0.01727364,-0.02011430
1998-11-30,-0.02621617,-0.03517934,-0.00688283
1998-12-31,0.02788083,0.01554334,-0.00336333
1999-01-31,-0.00514392,0.03366246,0.00457354
1999-02-28,0.03423259,-0.01519062,-0.01031793
1999-03-31,0.01957868,0.02241597,-0.01217536
1999-04-30,-0.02075368,-0.04046459,0.01838430
1999-05-31,-0.01506384,-0.03520909,0.00350442
1999-06-30,0.04994404,0.02438879,-0.00594557
1999-07-31,-0.02034311,-0.01164930,-0.01249563
1999-08-31,-0.00077134,0.01400613,-0.03395325
1999-09-30,0.01620740,0.01289959,-0.03644464
1999-10-31,0.03520232,0.04635552,-0.01110644
1999-11-30,0.11609572,0.09477325,-0.01371703
1999-12-31,0.15618359,0.16237960,-0.05632288
2000-01-31,0.08676483,0.01105829,0.01871643
2000-02-29,0.34917713,0.28358110,0.13670768
2000-03-31,-0.18587998,-0.15427252,-0.08642977
2000-04-30,-0.16911971,-0.14074822,-0.10035223
2000-05-31,-0.12500453,-0.09035347,-0.07038463
2000-06-30,0.21234365,0.18586087,0.13622230
2000-07-31,-0.12520801,-0.11542137,-0.04844433
2000-08-31,-0.03226138,0.08019773,0.08181203
2000-09-30,0.00911876,-0.04927927,-0.05261890
2000-10-31,0.00000000,0.00000000,0.00000000
2000-11-30,0.04186104,-0.04552113,0.07835458
2000-12-31,0.13414858,0.13317283,0.03031058
2001-01-31,-0.07640397,-0.05566789,0.08000552
2001-02-28,0.19695690,0.12923418,0.01745544
2001-03-31,0.06965052,0.02749767,-0.01789915
2001-04-30,-0.12520640,-0.05482224,0.04706644
2001-05-31,0.01583939,0.00678720,0.00452568
2001-06-30,-0.01162963,-0.00797387,-0.02636955
2001-07-31,0.03875209,0.02637077,-0.01497890
2001-08-31,0.02509688,0.02621333,-0.02603788
2001-09-30,0.02951838,0.03795903,-0.05417979
2001-10-31,-0.05316997,-0.02655903,0.05436916
2001-11-30,-0.04130304,-0.00031914,0.08347719
2001-12-31,0.01047966,0.02198021,0.03414775
2002-01-31,0.03361890,0.00164994,-0.03192753
2002-02-28,0.06518280,0.03771262,-0.02801073
2002-03-31,0.00202800,-0.01168796,0.04185644
2002-04-30,0.06370534,0.01378203,-0.00158386
2002-05-31,0.03008883,0.00984539,-0.01056743
2002-06-30,0.01747709,0.02752541,-0.00843873
2002-07-31,0.02021996,-0.00432921,0.00157813
2002-08-31,-0.00594554,-0.00897815,0.00949162
2002-09-30,0.07476467,0.01021675,-0.03984380
2002-10-31,-0.07070089,-0.03403348,-0.02891704
2002-11-30,-0.04344113,0.01793378,-0.01069854
2002-12-31,0.08895280,0.00993424,0.00070759
2003-01-31,0.02375243,0.00368098,-0.00724025
2003-02-28,0.00745388,0.00036125,-0.01729310
2003-03-31,0.00784430,0.01336278,0.00263291
2003-04-30,-0.03120872,-0.03910435,0.03271212
2003-05-31,-0.01422889,-0.01613532,-0.00129936
2003-06-30,0.01843453,-0.00269917,0.00381409
2003-07-31,0.00474608,0.01543915,-0.01449506
2003-08-31,0.00050354,0.00799572,-0.00990361
2003-09-30,0.01982062,0.01601079,-0.00513310
2003-10-31,-0.01342363,-0.02159542,0.00394388
2003-11-30,0.01243218,0.00400248,0.00296709
2003-12-31,0.03055663,0.03852165,0.02103548
2004-01-31,0.03350454,0.02344729,-0.02886950
2004-02-29,0.00784784,0.00809973,0.00204389
2004-03-31,-0.00350572,-0.00962437,0.00754932
2004-04-30,0.00286614,0.01393460,0.01278389
2004-05-31,-0.00960880,-0.01598800,-0.00280389
2004-06-30,0.00624222,0.00196847,0.00061069
2004-07-31,0.00547628,0.00622396,-0.00260926
2004-08-31,0.01809227,0.00841522,0.00224194
2004-09-30,-0.01934704,-0.01978046,0.00198753
2004-10-31,0.01046828,0.01143902,-0.00462379
2004-11-30,-0.00450825,0.00716676,-0.01096014
2004-12-31,-0.00312698,0.00992675,-0.00806193
2005-01-31,0.03382258,-0.00135526,0.00350183
2005-02-28,-0.00128262,-0.01940292,-0.01366453
2005-03-31,-0.01147764,-0.00204711,0.01658864
2005-04-30,0.00624354,0.01476788,0.01254251
2005-05-31,0.00010225,-0.00191700,0.00105312
2005-06-30,0.01994384,0.00214304,-0.00226526
2005-07-31,0.00380819,0.00021760,-0.00384642
2005-08-31,0.00539576,0.01215846,0.00561655
2005-09-30,0.03611472,0.02679946,0.02071927
2005-10-31,0.00234070,-0.00665348,-0.00723852
2005-11-30,0.00642283,0.00174103,-0.00255118
2005-12-31,0.00636609,0.00678409,0.00612485
2006-01-31,0.04633366,0.03037522,0.00624940
2006-02-28,-0.03686486,-0.02666350,-0.01163698
2006-03-31,0.02199281,0.02010283,-0.00029512
2006-04-30,0.00713867,0.00407395,0.00864131
2006-05-31,-0.05721571,-0.04349191,-0.02939017
2006-06-30,0.01457165,-0.01790898,-0.01523162
2006-07-31,-0.01116347,0.01232595,0.01537907
2006-08-31,-0.02691470,-0.03592253,-0.00682313
2006-09-30,-0.01096192,-0.00501054,0.00687148
2006-10-31,-0.00633285,-0.00902265,-0.01476543
2006-11-30,-0.00253508,0.00690317,0.00033419
2006-12-31,0.01582139,0.00723744,0.00085817
2007-01-31,-0.00466712,-0.00983045,-0.00804803
2007-02-28,0.00857823,-0.00039895,-0.00630696
2007-03-31,-0.03348331,-0.01967419,-0.00757187
2007-04-30,-0.01030006,-0.00052964,0.00459436
2007-05-31,-0.01432094,-0.00833194,0.00590464
2007-06-30,-0.01413111,0.00429951,-0.00642983
2007-07-31,-0.04257987,0.04040394,-0.00037809
2007-08-31,-0.01843726,-0.02327860,-0.01001058
2007-09-30,0.09276137,0.05195570,0.02882497
2007-10-31,0.12246780,0.07973145,0.03993940
2007-11-30,-0.01533743,0.01187967,0.00944513
2007-12-31,0.02811034,0.03186191,-0.01836933
2008-01-31,-0.16493747,-0.14431719,-0.00472579
2008-02-29,0.08488580,0.06932826,-0.01682450
2008-03-31,-0.00251106,-0.02075949,0.02305100
2008-04-30,0.00593437,-0.00585156,-0.03655233
2008-05-31,0.04591824,0.04855632,-0.01434229
2008-06-30,0.11164194,0.10436415,0.00374549
2008-07-31,-0.09552468,-0.11320829,-0.01496840
2008-08-31,-0.05831073,-0.07038391,-0.00739529
2008-09-30,-0.05079404,-0.05441977,-0.03046936
2008-10-31,0.02029954,0.06874929,0.03177824
2008-11-30,0.02163481,0.00307264,-0.01883370
2008-12-31,0.06810181,0.01492932,-0.00786347
2009-01-31,0.05783678,0.04710270,-0.00332947
2009-02-28,0.06540046,0.00495853,0.01104098
2009-03-31,0.04861688,0.04312765,-0.00890099
2009-04-30,0.14794994,0.14511184,-0.04910052
2009-05-31,0.04590084,0.04600792,0.01314789
2009-06-30,0.00907978,-0.00286460,-0.00003010
2009-07-31,-0.00067339,0.05502501,-0.04655883
2009-08-31,0.02998006,0.04934401,-0.03289329
2009-09-30,0.00000000,0.00000000,0.00000000
2009-10-31,0.00000000,0.00000000,0.00000000
2009-11-30,-0.00102873,0.00423810,-0.00445020
2009-12-31,0.02348569,0.01385641,-0.01135595
2010-01-31,0.03958920,0.05093338,-0.02034191
2010-02-28,-0.01075019,-0.02002635,0.00977024
2010-03-31,0.02240153,0.01690243,-0.00165966
2010-04-30,-0.01529638,0.00536621,-0.00193220
2010-05-31,0.02491139,0.01111822,-0.01824025
2010-06-30,-0.00019018,0.00534895,0.00645179
2010-07-31,0.02899385,0.00954816,0.00019986
2010-08-31,-0.05816239,-0.03091563,-0.01303551
2010-09-30,0.08017481,0.02928149,0.01639584
2010-10-31,0.00281187,0.00964758,-0.00531252
2010-11-30,-0.01814925,-0.01398334,0.00962888
2010-12-31,0.05786818,0.03719516,-0.00331722
2011-01-31,-0.01036412,-0.00447812,-0.01115144
2011-02-28,-0.00688978,-0.00937355,-0.00723891
2011-03-31,0.01455334,0.00842507,-0.00251550
2011-04-30,0.02478452,0.00988093,0.00165920
2011-05-31,0.00057454,0.00548081,0.00112354
2011-06-30,0.00000000,0.00000000,0.00000000
2011-07-31,0.00000000,0.00000000,0.00000000
2011-08-31,0.03771723,0.02288484,0.02514895
2011-09-30,0.04807550,-0.00362551,-0.01333379
2011-10-31,-0.02735595,0.02011693,0.00368395
2011-11-30,0.01617251,0.01222811,0.01937303
2011-12-31,-0.00243630,-0.00942694,0.01773013
2012-01-31,-0.01604943,-0.01972011,0.01329795
2012-02-29,-0.00986631,-0.00433687,-0.01131770
2012-03-31,-0.01207881,-0.00265415,-0.01300383
2012-04-30,-0.00211055,0.00866271,-0.00609378
2012-05-31,-0.01289651,0.00237354,0.00293675
2012-06-30,0.00879358,-0.02069174,0.00629032
2012-07-31,0.00189946,0.02088707,0.01329929
2012-08-31,0.04534719,0.01795976,0.00589590
2012-09-30,-0.00052095,-0.00484175,-0.00403400
2012-10-31,0.00000000,0.00000000,0.00000000
2012-11-30,-0.01450621,0.00317601,0.00756793
2012-12-31,-0.02122173,0.00014425,0.01393484
2013-01-31,0.00311092,0.00686199,0.00912570
2013-02-28,-0.00353197,0.00059976,-0.00440841
2013-03-31,0.00002667,0.01635476,-0.00753001
2013-04-30,0.00380173,0.01454291,-0.00327400
2013-05-31,0.02955691,-0.00127692,0.01064464
2013-06-30,0.00313755,-0.00019392,0.00188128
2013-07-31,0.02731312,0.00526774,0.00507746
2013-08-31,-0.01948582,-0.01055836,-0.00733530
2013-09-30,0.02449381,0.00675515,-0.00332742
2013-10-31,-0.02269280,0.00303682,0.00845617
2013-11-30,-0.00673687,0.00567119,0.01268152
2013-12-31,0.00000000,0.00000000,0.00000000
2014-01-31,0.00000000,0.00000000,0.00000000
2014-02-28,0.00000000,0.00000000,0.00000000
2014-03-31,-0.01093748,-0.00187153,-0.00287031
2014-04-30,-0.01809049,0.00174380,0.00389653
2014-05-31,0.00491683,-0.00042968,-0.00191743
2014-06-30,0.04766856,-0.00294592,-0.01423573
2014-07-31,0.01070998,-0.00466396,0.00293402
2014-08-31,-0.00322199,0.00802439,-0.00761963
2014-09-30,-0.00924886,-0.00427287,-0.01766956
2014-10-31,-0.01503699,0.00291680,0.00852730
2014-11-30,0.02236929,0.03393593,0.02705729
2014-12-31,-0.00548785,0.00493258,0.01419779
2015-01-31,0.04548848,0.04627748,0.01961167
2015-02-28,-0.01767024,-0.02092963,-0.00076346
2015-03-31,0.02043053,0.01475015,0.00554776
2015-04-30,-0.08638388,-0.06578430,-0.00965804
2015-05-31,0.07688558,0.05012636,0.01357803
2015-06-30,0.03290778,0.02954254,0.00414357
2015-07-31,0.11521538,0.09997241,0.01307997
2015-08-31,-0.07331317,-0.04255795,-0.00950652
2015-09-30,0.02098096,0.06540488,-0.01207618
2015-10-31,-0.03775878,-0.05505941,-0.01478357
2015-11-30,0.02959428,0.01024898,0.01197150
2015-12-31,0.04631695,0.04488871,0.02666246
2016-01-31,-0.01710897,-0.00901653,0.00685141
2016-02-29,-0.05427076,-0.04384260,-0.03191182
2016-03-31,-0.04085128,-0.05066168,-0.02176512
2016-04-30,-0.03562360,-0.00514577,0.00406113
2016-05-31,0.00761053,-0.02333142,-0.00463809
2016-06-30,-0.00590048,-0.00668938,-0.00323872
2016-07-31,0.00920275,0.00168635,0.01434885
2016-08-31,0.03668591,0.04372680,-0.01235490
2016-09-30,-0.00293257,-0.00190628,-0.00732608
2016-10-31,0.00473397,-0.00287014,0.00397607
2016-11-30,-0.00650811,-0.00357955,0.00377471
2016-12-31,0.04025632,0.02517976,-0.01827877
2017-01-31,-0.00697039,-0.00316262,-0.00862463
2017-02-28,0.02309447,0.00806385,0.00120808
2017-03-31,0.01505944,0.00915254,-0.00588083
2017-04-30,-0.00271523,0.00188414,0.00965633
2017-05-31,-0.05327199,-0.01190267,0.01425451
2017-06-30,0.03479925,0.02168468,0.00051557
2017-07-31,-0.02343288,-0.00250398,-0.01008103
2017-08-31,0.01859213,0.00880780,0.01861713
2017-09-30,-0.00256991,0.00354022,-0.01136470
2017-10-31,0.03333845,0.01657398,-0.00364360
2017-11-30,0.00231741,-0.00073667,0.00341708
2017-12-31,-0.00733974,0.00046037,0.01123433
2018-01-31,0.03687968,0.03356884,0.00956988
2018-02-28,0.00705626,0.00182578,-0.00662653
2018-03-31,-0.00984752,-0.01192309,0.00492531
2018-04-30,-0.02640720,-0.00071296,0.01056012
2018-05-31,0.06574940,0.04818940,-0.00243802
2018-06-30,-0.00262392,-0.00166444,0.00187702
2018-07-31,0.00168007,0.00068883,0.00377359
2018-08-31,0.06744188,0.05307280,0.02151743
2018-09-30,-0.01690821,-0.01629786,-0.00371385
2018-10-31,-0.04551323,-0.02479986,-0.00456417
2018-11-30,-0.01457927,-0.00382593,0.01633788
2018-12-31,-0.00744970,-0.00945982,-0.03776079
2019-01-31,-0.05284196,-0.07371415,-0.05064722
2019-02-28,-0.00537357,-0.01826851,-0.02670184
2019-03-31,0.01628504,-0.01474675,0.00447846
2019-04-30,0.03782147,0.00729992,0.00355512
2019-05-31,-0.00702956,0.01837575,-0.03283453
2019-06-30,0.02171647,0.01891766,0.00111618
2019-07-31,-0.01936006,0.01113118,-0.02586346
2019-08-31,-0.01222529,0.00593072,-0.03110980
2019-09-30,-0.03190991,-0.05632321,0.07564141
2019-10-31,0.02283914,0.00791889,-0.01323504
2019-11-30,0.01234561,-0.00365571,0.01046738
2019-12-31,-0.02483877,-0.01947682,0.05038868
2020-01-31,0.08024934,0.03547603,-0.04274879
2020-02-29,-0.01058394,-0.00078532,-0.02214243
2020-03-31,0.08966218,0.05111279,-0.05287989
2020-04-30,0.03954786,-0.07657963,0.02124827
2020-05-31,0.00521882,-0.01252556,-0.00269303
2020-06-30,-0.02089129,0.02157573,-0.00701468
2020-07-31,-0.02797186,-0.02880355,-0.02091214
2020-08-31,0.04498196,0.02903817,-0.02520792
2020-09-30,0.01617564,-0.01106761,-0.01078723
2020-10-31,-0.04072106,-0.01646943,0.00882073
2020-11-30,0.06253179,-0.02068081,0.03822127
2020-12-31,0.07224892,0.00739947,0.00006862
2021-01-31,-0.03091204,0.00152171,-0.00931103
2021-02-28,0.02382522,0.01903228,0.02261144
2021-03-31,0.00396168,-0.01914612,0.01643665
2021-04-30,-0.02139263,-0.00813955,0.01683582
2021-05-31,-0.01514415,0.01394083,-0.01226408
2021-06-30,-0.00949019,-0.00148253,0.03803548
2021-07-31,0.01672314,-0.01378649,-0.02266902
2021-08-31,-0.01574021,-0.00656253,0.00782997
2021-09-30,-0.00337981,-0.00577858,0.00851502
2021-10-31,-0.02931344,-0.02873949,0.00243171
2021-11-30,0.00580186,-0.00808169,0.00359107
2021-12-31,0.07876884,0.04574175,0.02682920
2022-01-31,0.04547492,0.01980298,-0.01925585
2022-02-28,-0.03275895,-0.06273109,-0.04358470
2022-03-31,0.00899019,-0.01259733,-0.01601516
2022-04-30,0.08294983,0.06862402,0.02276007
2022-05-31,0.00093959,0.02068456,-0.00882122
2022-06-30,-0.07613626,-0.06052378,-0.01623699
2022-07-31,0.00000000,0.00000000,0.00000000
2022-08-31,0.00000000,0.00000000,0.00000000
2022-09-30,0.02290779,-0.00166318,-0.01688862
2022-10-31,-0.06022100,-0.00285600,0.02252824
2022-11-30,-0.06588256,0.00284049,0.03924120
2022-12-31,0.10631004,0.02603579,0.00822693
2023-01-31,-0.00314702,-0.03981457,0.04295097
2023-02-28,0.01316219,-0.01056898,-0.00505472
2023-03-31,-0.04501107,-0.04063825,0.01838763
2023-04-30,-0.01230750,-0.00425286,-0.01199437
2023-05-31,-0.01576197,0.00765369,0.01941393
2023-06-30,0.03990669,0.03344804,-0.02266097
2023-07-31,0.02562971,0.01916961,-0.00837582
2023-08-31,0.02818525,0.00217104,-0.00806231
2023-09-30,-0.05920900,-0.02147734,0.01394275
2023-10-31,-0.02903236,-0.02740790,0.00520376
2023-11-30,0.03565756,0.01702447,-0.00978217
2023-12-31,0.02322400,0.02614072,0.03869503
2024-01-31,0.00897742,-0.02795726,-0.02600601
2024-02-29,0.03154140,0.02358828,-0.02280010
2024-03-31,0.01256420,-0.00716695,-0.00776178
2024-04-30,-0.00504349,-0.00873816,-0.00242459
2024-05-31,0.02790177,0.01766171,0.00483672
2024-06-30,0.02323666,0.01319688,-0.01508919
2024-07-31,-0.02567708,-0.01288870,-0.01089224
2024-08-31,0.03469425,0.00272816,-0.00531867
2024-09-30,0.00021727,-0.00000334,0.01061500
2024-10-31,0.01038603,0.00977284,-0.00915439
2024-11-30,-0.00171781,-0.00766885,-0.00168747
2024-12-31,0.00983682,-0.01940974,-0.00817447
2025-01-31,-0.00042891,0.01317143,-0.01586036
2025-02-28,-0.00639453,-0.01073428,-0.00131761
2025-03-31,-0.00054120,0.02963068,-0.00248167
2025-04-30,0.01363860,-0.02140505,-0.00578266
2025-05-31,-0.00085050,-0.00288244,-0.00932937
2025-06-30,-0.01051628,0.00145785,-0.00384813
2025-07-31,0.00830275,-0.00905706,0.02803231
2025-08-31,-0.03147059,-0.02277087,0.00629550
2025-09-30,0.01703375,0.03378455,-0.03388616
2025-10-31,-0.00061867,0.02890150,-0.01144137
2025-11-30,-0.03827786,-0.04228249,0.03553957
