series,start,end,n_days,ann_ret_pct,ann_vol_pct,sharpe,max_drawdown_pct,ff6_alpha_ann_pct,ff6_t_alpha,ff6_mom_beta,ff6_r2,excess_of_rf_in_regression
ts_full_ew,1963-07-02,2025-12-30,15729,13.3939,15.1156,0.8861,-55.2027,6.9358,5.0803,0.9098,0.5995,False
RQ1_SQ1_full_ew,1963-07-02,2025-12-30,15729,12.8828,18.0215,0.7149,-61.1170,3.3439,3.9567,-0.3166,0.9074,True
RQ1_SQ2_full_ew,1963-07-02,2025-12-30,15729,13.5725,14.4309,0.9405,-54.6989,3.0517,4.7870,-0.1792,0.9041,True
RQ1_SQ3_full_ew,1963-07-02,2025-12-30,15729,14.2984,13.5715,1.0536,-47.5359,3.4913,5.1775,-0.1193,0.8850,True
RQ1_SQ4_full_ew,1963-07-02,2025-12-30,15729,12.8824,14.4378,0.8923,-47.5540,1.5478,2.3467,-0.0903,0.9007,True
RQ1_SQ5_full_ew,1963-07-02,2025-12-30,15729,14.4380,18.1918,0.7937,-56.6692,3.4165,3.9968,-0.1344,0.9047,True
RQ2_SQ1_full_ew,1963-07-02,2025-12-30,15729,14.3916,19.3061,0.7454,-61.3013,6.1170,6.6231,-0.4807,0.9064,True
RQ2_SQ2_full_ew,1963-07-02,2025-12-30,15729,14.6163,14.2113,1.0285,-50.9729,3.9760,5.9718,-0.2304,0.9007,True
RQ2_SQ3_full_ew,1963-07-02,2025-12-30,15729,14.4020,12.8210,1.1233,-47.7760,2.4335,3.5979,-0.0171,0.8760,True
RQ2_SQ4_full_ew,1963-07-02,2025-12-30,15729,15.8774,14.8948,1.0660,-47.2499,3.0075,3.9323,0.0481,0.8874,True
RQ2_SQ5_full_ew,1963-07-02,2025-12-30,15729,16.9969,19.6892,0.8633,-59.1698,5.3450,5.5665,-0.0273,0.8967,True
RQ3_SQ1_full_ew,1963-07-02,2025-12-30,15729,15.8736,19.1509,0.8289,-61.4014,8.2709,9.0615,-0.5709,0.9008,True
RQ3_SQ2_full_ew,1963-07-02,2025-12-30,15729,16.0194,14.4391,1.1094,-51.5441,4.9093,7.0033,-0.2173,0.8949,True
RQ3_SQ3_full_ew,1963-07-02,2025-12-30,15729,15.7382,13.6568,1.1524,-43.5657,3.1424,4.3346,0.0028,0.8821,True
RQ3_SQ4_full_ew,1963-07-02,2025-12-30,15729,17.1771,14.9216,1.1512,-45.5894,3.6376,4.9549,0.1366,0.8904,True
RQ3_SQ5_full_ew,1963-07-02,2025-12-30,15729,18.9377,20.2695,0.9343,-58.2387,6.2081,7.1270,0.1259,0.8997,True
RQ4_SQ1_full_ew,1963-07-02,2025-12-30,15729,17.4310,18.8120,0.9266,-65.6627,9.9646,9.6654,-0.5945,0.8830,True
RQ4_SQ2_full_ew,1963-07-02,2025-12-30,15729,16.4902,14.7724,1.1163,-50.9438,4.9274,5.7815,-0.1764,0.8710,True
RQ4_SQ3_full_ew,1963-07-02,2025-12-30,15729,17.1639,13.9868,1.2272,-44.8116,4.1350,5.1416,0.0553,0.8776,True
RQ4_SQ4_full_ew,1963-07-02,2025-12-30,15729,18.6992,15.3907,1.2150,-44.8385,4.4319,6.3168,0.2297,0.9001,True
RQ4_SQ5_full_ew,1963-07-02,2025-12-30,15729,21.1463,20.7823,1.0175,-53.6973,7.0736,7.7334,0.3168,0.8950,True
RQ5_SQ1_full_ew,1963-07-02,2025-12-30,15729,20.5239,17.5769,1.1677,-59.4285,12.6578,9.5169,-0.5158,0.8073,True
RQ5_SQ2_full_ew,1963-07-02,2025-12-30,15729,18.3477,14.6817,1.2497,-50.0272,6.9387,6.2225,-0.0655,0.7963,True
RQ5_SQ3_full_ew,1963-07-02,2025-12-30,15729,19.9023,14.7861,1.3460,-45.2902,6.4745,6.7828,0.2221,0.8417,True
RQ5_SQ4_full_ew,1963-07-02,2025-12-30,15729,22.1931,16.9325,1.3107,-46.9269,7.3496,8.3094,0.4184,0.8805,True
RQ5_SQ5_full_ew,1963-07-02,2025-12-30,15729,26.2767,22.6785,1.1587,-64.3633,10.2798,9.1645,0.5932,0.8801,True
ts_full_vw,1963-07-02,2025-12-30,15729,17.8728,22.9042,0.7803,-61.3103,10.4382,4.6457,1.1868,0.4875,False
RQ1_SQ1_full_vw,1963-07-02,2025-12-30,15729,7.9715,20.2471,0.3937,-67.0961,-0.7019,-0.5498,-0.3996,0.7875,True
RQ1_SQ2_full_vw,1963-07-02,2025-12-30,15729,8.8973,16.9083,0.5262,-53.8652,-1.3333,-1.2325,-0.2424,0.7940,True
RQ1_SQ3_full_vw,1963-07-02,2025-12-30,15729,9.6199,16.0102,0.6009,-52.1124,-1.3401,-1.3777,-0.1722,0.7891,True
RQ1_SQ4_full_vw,1963-07-02,2025-12-30,15729,10.8937,16.5633,0.6577,-52.3326,-0.2076,-0.2055,-0.1331,0.7988,True
RQ1_SQ5_full_vw,1963-07-02,2025-12-30,15729,10.5721,20.7212,0.5102,-72.0061,-0.2656,-0.2125,-0.1380,0.7814,True
RQ2_SQ1_full_vw,1963-07-02,2025-12-30,15729,7.9249,22.2143,0.3567,-70.7124,0.6000,0.4586,-0.6102,0.8136,True
RQ2_SQ2_full_vw,1963-07-02,2025-12-30,15729,11.9428,17.2831,0.6910,-54.6765,1.7055,1.6883,-0.3252,0.8161,True
RQ2_SQ3_full_vw,1963-07-02,2025-12-30,15729,11.9839,15.7981,0.7586,-51.7615,-0.1876,-0.1954,-0.0748,0.7883,True
RQ2_SQ4_full_vw,1963-07-02,2025-12-30,15729,11.0881,17.8679,0.6206,-51.8667,-1.8893,-1.7790,0.0453,0.8007,True
RQ2_SQ5_full_vw,1963-07-02,2025-12-30,15729,13.0586,23.6920,0.5512,-81.3211,1.9759,1.2824,0.0066,0.7620,True
RQ3_SQ1_full_vw,1963-07-02,2025-12-30,15729,10.7762,22.6988,0.4747,-71.1533,4.0306,3.0684,-0.7281,0.8230,True
RQ3_SQ2_full_vw,1963-07-02,2025-12-30,15729,11.3119,17.7227,0.6383,-68.0466,0.1988,0.2037,-0.2994,0.8269,True
RQ3_SQ3_full_vw,1963-07-02,2025-12-30,15729,10.8922,16.8483,0.6465,-46.0360,-2.4640,-2.6214,0.0181,0.8202,True
RQ3_SQ4_full_vw,1963-07-02,2025-12-30,15729,12.3446,18.5836,0.6643,-58.2248,-1.9299,-1.7676,0.1848,0.8069,True
RQ3_SQ5_full_vw,1963-07-02,2025-12-30,15729,13.5382,24.5400,0.5517,-77.2176,1.1158,0.7486,0.2110,0.7735,True
RQ4_SQ1_full_vw,1963-07-02,2025-12-30,15729,12.0469,22.3279,0.5395,-67.8276,5.6863,4.2098,-0.7573,0.8161,True
RQ4_SQ2_full_vw,1963-07-02,2025-12-30,15729,12.5581,18.3103,0.6859,-58.6294,0.4214,0.3655,-0.2138,0.8046,True
RQ4_SQ3_full_vw,1963-07-02,2025-12-30,15729,13.5900,17.7368,0.7662,-48.3648,-0.4113,-0.4132,0.0785,0.8223,True
RQ4_SQ4_full_vw,1963-07-02,2025-12-30,15729,15.0801,19.4203,0.7765,-51.4862,-0.0462,-0.0431,0.3471,0.8235,True
RQ4_SQ5_full_vw,1963-07-02,2025-12-30,15729,14.5205,25.7504,0.5639,-76.2246,0.6189,0.3910,0.4590,0.7864,True
RQ5_SQ1_full_vw,1963-07-02,2025-12-30,15729,13.2592,22.3623,0.5929,-75.6077,4.5790,2.8306,-0.5652,0.7407,True
RQ5_SQ2_full_vw,1963-07-02,2025-12-30,15729,13.6165,19.3314,0.7044,-66.5131,0.6662,0.4524,-0.0444,0.7547,True
RQ5_SQ3_full_vw,1963-07-02,2025-12-30,15729,16.3891,19.4566,0.8423,-67.6329,1.6470,1.2820,0.3065,0.7860,True
RQ5_SQ4_full_vw,1963-07-02,2025-12-30,15729,19.9609,21.4624,0.9300,-52.2266,4.2267,3.3164,0.5659,0.8141,True
RQ5_SQ5_full_vw,1963-07-02,2025-12-30,15729,25.8442,28.1964,0.9166,-69.5214,9.7363,5.2899,0.7871,0.7697,True
ts_top500_ew,1963-07-02,2025-12-30,15729,14.3646,22.6662,0.6337,-67.1795,7.3906,3.5281,1.2177,0.5268,False
RQ1_SQ1_top500_ew,1963-07-02,2025-12-30,15729,8.4380,19.2700,0.4379,-64.7120,-0.4834,-0.4235,-0.3898,0.8127,True
RQ1_SQ2_top500_ew,1963-07-02,2025-12-30,15729,10.2385,16.7044,0.6129,-53.1053,-0.1356,-0.1303,-0.2420,0.8057,True
RQ1_SQ3_top500_ew,1963-07-02,2025-12-30,15729,10.1678,15.9073,0.6392,-53.6972,-0.4664,-0.4911,-0.1790,0.8063,True
RQ1_SQ4_top500_ew,1963-07-02,2025-12-30,15729,10.6816,16.0258,0.6665,-50.6032,-0.4506,-0.5005,-0.1196,0.8172,True
RQ1_SQ5_top500_ew,1963-07-02,2025-12-30,15729,11.4988,19.6708,0.5846,-62.4654,0.8910,0.7617,-0.1279,0.8005,True
RQ2_SQ1_top500_ew,1963-07-02,2025-12-30,15729,10.3359,20.8718,0.4952,-69.8114,2.5924,2.2567,-0.5898,0.8297,True
RQ2_SQ2_top500_ew,1963-07-02,2025-12-30,15729,10.9229,16.0764,0.6794,-57.5038,0.1663,0.1818,-0.2395,0.8194,True
RQ2_SQ3_top500_ew,1963-07-02,2025-12-30,15729,11.1471,15.2462,0.7311,-51.7748,-0.9950,-1.0910,-0.0466,0.8118,True
RQ2_SQ4_top500_ew,1963-07-02,2025-12-30,15729,11.5605,16.7692,0.6894,-50.2164,-1.1561,-1.2152,0.0197,0.8188,True
RQ2_SQ5_top500_ew,1963-07-02,2025-12-30,15729,12.0687,21.8283,0.5529,-72.6702,1.1186,0.8436,0.0254,0.7824,True
RQ3_SQ1_top500_ew,1963-07-02,2025-12-30,15729,11.9835,20.4250,0.5867,-65.3663,4.5133,3.7631,-0.5998,0.8215,True
RQ3_SQ2_top500_ew,1963-07-02,2025-12-30,15729,11.4788,16.1137,0.7124,-48.6857,-0.0784,-0.0799,-0.1681,0.8057,True
RQ3_SQ3_top500_ew,1963-07-02,2025-12-30,15729,12.7489,15.7772,0.8081,-46.2058,-0.0750,-0.0862,0.0113,0.8264,True
RQ3_SQ4_top500_ew,1963-07-02,2025-12-30,15729,12.2542,17.2158,0.7118,-55.9702,-1.4629,-1.6804,0.1378,0.8370,True
RQ3_SQ5_top500_ew,1963-07-02,2025-12-30,15729,14.0531,22.8250,0.6157,-74.1526,2.0236,1.5011,0.2314,0.7959,True
RQ4_SQ1_top500_ew,1963-07-02,2025-12-30,15729,10.7578,20.2566,0.5311,-64.3211,2.4938,2.0126,-0.5477,0.8098,True
RQ4_SQ2_top500_ew,1963-07-02,2025-12-30,15729,12.1944,16.8351,0.7243,-56.2864,-0.3012,-0.2952,-0.0803,0.8130,True
RQ4_SQ3_top500_ew,1963-07-02,2025-12-30,15729,13.0507,16.4001,0.7958,-48.9174,-0.4169,-0.4691,0.1225,0.8313,True
RQ4_SQ4_top500_ew,1963-07-02,2025-12-30,15729,14.5714,17.8294,0.8173,-50.0883,0.3849,0.4287,0.2990,0.8426,True
RQ4_SQ5_top500_ew,1963-07-02,2025-12-30,15729,17.0928,24.1208,0.7086,-70.3322,3.5296,2.5264,0.4687,0.8041,True
RQ5_SQ1_top500_ew,1963-07-02,2025-12-30,15729,11.6875,19.7824,0.5908,-65.5183,2.5122,1.7629,-0.3367,0.7440,True
RQ5_SQ2_top500_ew,1963-07-02,2025-12-30,15729,14.3800,18.0957,0.7947,-68.5630,1.6470,1.3046,0.1352,0.7553,True
RQ5_SQ3_top500_ew,1963-07-02,2025-12-30,15729,16.3709,18.6671,0.8770,-64.9576,1.8944,1.5556,0.3631,0.7872,True
RQ5_SQ4_top500_ew,1963-07-02,2025-12-30,15729,18.2066,20.3633,0.8941,-54.8241,3.0250,2.3462,0.5617,0.8011,True
RQ5_SQ5_top500_ew,1963-07-02,2025-12-30,15729,22.8025,27.3645,0.8333,-70.3265,6.9072,3.9127,0.8280,0.7685,True
ts_top500_vw,1963-07-02,2025-12-30,15729,14.3762,24.8793,0.5778,-65.8563,7.2516,2.9393,1.2223,0.4525,False
RQ1_SQ1_top500_vw,1963-07-02,2025-12-30,15729,8.4261,20.0816,0.4196,-75.1942,-0.1491,-0.1155,-0.4097,0.7563,True
RQ1_SQ2_top500_vw,1963-07-02,2025-12-30,15729,10.5084,17.4522,0.6021,-49.4463,0.3532,0.2933,-0.2535,0.7409,True
RQ1_SQ3_top500_vw,1963-07-02,2025-12-30,15729,10.1883,16.8359,0.6052,-50.7245,-0.5904,-0.5242,-0.1665,0.7276,True
RQ1_SQ4_top500_vw,1963-07-02,2025-12-30,15729,10.4734,17.1296,0.6114,-55.5050,-0.4002,-0.3575,-0.1457,0.7427,True
RQ1_SQ5_top500_vw,1963-07-02,2025-12-30,15729,12.7567,20.6625,0.6174,-65.8837,2.3879,1.8179,-0.1194,0.7385,True
RQ2_SQ1_top500_vw,1963-07-02,2025-12-30,15729,9.9331,21.3995,0.4642,-69.9896,2.2991,1.7355,-0.6043,0.7831,True
RQ2_SQ2_top500_vw,1963-07-02,2025-12-30,15729,10.2054,17.4508,0.5848,-56.9474,0.0208,0.0196,-0.2708,0.7575,True
RQ2_SQ3_top500_vw,1963-07-02,2025-12-30,15729,11.0433,16.2906,0.6779,-52.7528,-1.2568,-1.2157,-0.0464,0.7531,True
RQ2_SQ4_top500_vw,1963-07-02,2025-12-30,15729,10.4931,18.3135,0.5730,-56.1169,-2.2545,-1.9338,0.0162,0.7582,True
RQ2_SQ5_top500_vw,1963-07-02,2025-12-30,15729,11.2850,22.8115,0.4947,-75.9168,0.1191,0.0798,0.0506,0.7388,True
RQ3_SQ1_top500_vw,1963-07-02,2025-12-30,15729,11.4564,21.2426,0.5393,-70.1778,3.9377,3.0791,-0.6007,0.7852,True
RQ3_SQ2_top500_vw,1963-07-02,2025-12-30,15729,11.1371,17.5655,0.6340,-55.0078,-0.1655,-0.1467,-0.1818,0.7453,True
RQ3_SQ3_top500_vw,1963-07-02,2025-12-30,15729,12.1139,17.3351,0.6988,-46.1881,-1.1659,-1.1183,0.0404,0.7715,True
RQ3_SQ4_top500_vw,1963-07-02,2025-12-30,15729,11.4634,18.8726,0.6074,-57.8845,-1.8794,-1.6741,0.1393,0.7669,True
RQ3_SQ5_top500_vw,1963-07-02,2025-12-30,15729,12.1537,23.9776,0.5069,-81.8404,0.2802,0.1792,0.2216,0.7383,True
RQ4_SQ1_top500_vw,1963-07-02,2025-12-30,15729,11.4153,21.3722,0.5341,-62.6719,3.2280,2.3544,-0.5552,0.7652,True
RQ4_SQ2_top500_vw,1963-07-02,2025-12-30,15729,12.4308,17.9998,0.6906,-52.7833,0.0108,0.0094,-0.0780,0.7728,True
RQ4_SQ3_top500_vw,1963-07-02,2025-12-30,15729,12.8989,17.8602,0.7222,-48.3821,-0.6466,-0.6407,0.1308,0.7857,True
RQ4_SQ4_top500_vw,1963-07-02,2025-12-30,15729,14.2371,19.4958,0.7303,-58.1684,0.1377,0.1258,0.3297,0.7728,True
RQ4_SQ5_top500_vw,1963-07-02,2025-12-30,15729,17.0797,25.2393,0.6767,-76.9865,3.9714,2.3828,0.4804,0.7549,True
RQ5_SQ1_top500_vw,1963-07-02,2025-12-30,15729,11.3914,21.2255,0.5367,-67.9625,2.1001,1.3121,-0.2729,0.6998,True
RQ5_SQ2_top500_vw,1963-07-02,2025-12-30,15729,13.5899,19.7559,0.6879,-75.3409,0.5927,0.4018,0.1610,0.7230,True
RQ5_SQ3_top500_vw,1963-07-02,2025-12-30,15729,16.2569,20.4177,0.7962,-66.6078,1.5869,1.1348,0.3903,0.7426,True
RQ5_SQ4_top500_vw,1963-07-02,2025-12-30,15729,17.2771,21.9323,0.7877,-54.5548,2.2820,1.5269,0.5716,0.7539,True
RQ5_SQ5_top500_vw,1963-07-02,2025-12-30,15729,22.8024,28.6704,0.7953,-69.3937,7.1026,3.5658,0.8126,0.7272,True
D10-D1_R2_ew_chartwindow,1967-07-03,2025-12-30,14721,8.8400,8.5836,1.0299,-26.0871,6.8527,5.4342,0.3641,0.2987,False
D10-D1_SignedR2_ew_chartwindow,1967-07-03,2025-12-30,14721,6.8658,12.9864,0.5287,-68.8049,1.1623,0.9977,0.8557,0.6535,False
D10-D1_TSlope_ew_chartwindow,1967-07-03,2025-12-30,14721,6.8658,12.9864,0.5287,-68.8049,1.1623,0.9977,0.8557,0.6535,False
D10-D1_Slope_ew_chartwindow,1967-07-03,2025-12-30,14721,7.3849,15.0491,0.4907,-76.0899,0.5123,0.4358,1.0306,0.7369,False
D10-D1_Mom12m_ew_chartwindow,1967-07-03,2025-12-30,14721,1.6999,15.5125,0.1096,-91.2052,-4.8859,-4.1476,1.0625,0.7410,False
D10-D1_Mom6m_ew_chartwindow,1967-07-03,2025-12-30,14721,-2.1589,15.0102,-0.1438,-92.0047,-8.1837,-5.2245,0.9079,0.5422,False
D10-D1_IntMom_ew_chartwindow,1967-07-03,2025-12-30,14721,7.9336,11.8418,0.6700,-55.4694,4.3507,3.4140,0.5807,0.4670,False
D10-D1_LRreversal_ew_chartwindow,1967-07-03,2025-12-30,14721,5.4706,7.4554,0.7338,-23.3842,7.6257,8.6645,0.0960,0.4402,False
D10-D1_MRreversal_ew_chartwindow,1967-07-03,2025-12-30,14721,4.8892,11.4059,0.4287,-49.7221,0.7854,0.5887,0.0819,0.5141,False
D10-D1_High52_ew_chartwindow,1967-07-03,2025-12-30,14721,4.4334,18.5606,0.2389,-80.0880,-0.6634,-0.4021,0.7569,0.6426,False
D10-D1_MomVol_ew_chartwindow,1967-07-03,2025-12-30,14721,-7.1406,16.0579,-0.4447,-99.3739,-13.9673,-11.5452,0.6949,0.7504,False
D10-D1_IndMom_ew_chartwindow,1967-07-03,2025-12-30,14721,8.0642,13.2081,0.6106,-66.3002,2.9859,2.1957,0.8033,0.5615,False
D10-D1_ResidualMom_ew_chartwindow,1967-07-03,2025-12-30,14721,3.7021,14.4599,0.2560,-87.6213,-0.2979,-0.2071,0.8049,0.5271,False
D10-D1_TrendFactor_ew_chartwindow,1967-07-03,2025-12-30,14721,-12.2565,15.6495,-0.7832,-99.9698,-17.9494,-10.9050,0.8096,0.4736,False
D10-D1_R2_vw_chartwindow,1967-07-03,2025-12-30,14721,7.8820,12.9175,0.6102,-34.9894,4.8249,2.9131,0.5721,0.3503,False
D10-D1_SignedR2_vw_chartwindow,1967-07-03,2025-12-30,14721,8.2355,17.1412,0.4804,-57.3459,0.9729,0.6974,1.1279,0.6651,False
D10-D1_TSlope_vw_chartwindow,1967-07-03,2025-12-30,14721,8.2355,17.1412,0.4804,-57.3459,0.9729,0.6974,1.1279,0.6651,False
D10-D1_Slope_vw_chartwindow,1967-07-03,2025-12-30,14721,11.3563,22.4991,0.5047,-79.1436,2.5356,1.4748,1.4689,0.6999,False
D10-D1_Mom12m_vw_chartwindow,1967-07-03,2025-12-30,14721,8.0780,23.2716,0.3471,-86.6850,-0.4605,-0.2541,1.5257,0.7077,False
D10-D1_Mom6m_vw_chartwindow,1967-07-03,2025-12-30,14721,3.2805,22.1820,0.1479,-79.0459,-4.5537,-2.1335,1.3058,0.5271,False
D10-D1_IntMom_vw_chartwindow,1967-07-03,2025-12-30,14721,12.5800,19.3251,0.6510,-67.6380,7.9821,3.8026,0.8900,0.4324,False
D10-D1_LRreversal_vw_chartwindow,1967-07-03,2025-12-30,14721,3.0087,10.8308,0.2778,-58.5099,3.9443,3.4360,0.0621,0.4237,False
D10-D1_MRreversal_vw_chartwindow,1967-07-03,2025-12-30,14721,3.3918,18.0338,0.1881,-79.6276,-2.3735,-1.1852,0.0230,0.4640,False
D10-D1_High52_vw_chartwindow,1967-07-03,2025-12-30,14721,3.8946,20.6314,0.1888,-77.2227,-1.7771,-0.9729,0.7578,0.5377,False
D10-D1_MomVol_vw_chartwindow,1967-07-03,2025-12-30,14721,-0.7783,17.3050,-0.0450,-89.0481,-8.7130,-5.7497,0.9123,0.5694,False
D10-D1_IndMom_vw_chartwindow,1967-07-03,2025-12-30,14721,2.7067,15.4592,0.1751,-74.3270,-2.8096,-1.6970,0.8461,0.4412,False
D10-D1_ResidualMom_vw_chartwindow,1967-07-03,2025-12-30,14721,9.8371,21.8638,0.4499,-78.6803,4.1443,2.0714,1.2652,0.5674,False
D10-D1_TrendFactor_vw_chartwindow,1967-07-03,2025-12-30,14721,0.0832,21.4184,0.0039,-90.1523,-6.3480,-2.9922,1.0126,0.4200,False
D10-D1_R2_ew_skip21,1967-07-03,2025-12-30,14721,7.8831,8.2984,0.9500,-25.2297,5.8815,4.9148,0.3414,0.2904,False
D10-D1_SignedR2_ew_skip21,1967-07-03,2025-12-30,14721,8.2631,12.4142,0.6656,-64.0186,2.8513,2.4641,0.8009,0.6247,False
D10-D1_TSlope_ew_skip21,1967-07-03,2025-12-30,14721,8.2631,12.4142,0.6656,-64.0186,2.8513,2.4641,0.8009,0.6247,False
D10-D1_Slope_ew_skip21,1967-07-03,2025-12-30,14721,8.1517,14.4685,0.5634,-70.6689,1.8266,1.5405,0.9520,0.6991,False
D10-D1_Mom12m_ew_skip21,1967-07-03,2025-12-30,14721,7.2743,15.2324,0.4776,-80.4846,0.6905,0.5972,1.0371,0.7497,False
D10-D1_Mom6m_ew_skip21,1967-07-03,2025-12-30,14721,4.5832,14.5531,0.3149,-75.9035,-1.7974,-1.2527,0.9249,0.6001,False
D10-D1_IntMom_ew_skip21,1967-07-03,2025-12-30,14721,7.3027,11.3183,0.6452,-64.1903,4.3053,3.3913,0.5097,0.4175,False
D10-D1_STreversal_ew_skip21,1967-07-03,2025-12-30,14721,13.5961,13.0970,1.0381,-40.2267,15.1081,9.2322,-0.2439,0.0851,False
D10-D1_LRreversal_ew_skip21,1967-07-03,2025-12-30,14721,5.6111,7.4603,0.7521,-23.1469,7.7566,8.8380,0.0948,0.4416,False
D10-D1_MRreversal_ew_skip21,1967-07-03,2025-12-30,14721,4.8778,11.4240,0.4270,-49.6347,0.7794,0.5824,0.0806,0.5138,False
D10-D1_High52_ew_skip21,1967-07-03,2025-12-30,14721,4.0655,18.5670,0.2190,-81.1627,-1.0523,-0.6369,0.7589,0.6431,False
D10-D1_MomVol_ew_skip21,1967-07-03,2025-12-30,14721,-3.3536,16.2422,-0.2065,-97.2907,-10.1465,-8.1346,0.6728,0.7592,False
D10-D1_IndMom_ew_skip21,1967-07-03,2025-12-30,14721,5.9367,13.1342,0.4520,-70.0862,0.7337,0.5240,0.7867,0.5567,False
D10-D1_ResidualMom_ew_skip21,1967-07-03,2025-12-30,14721,8.5459,13.9853,0.6111,-74.6545,4.6531,3.3532,0.7794,0.5409,False
D10-D1_TrendFactor_ew_skip21,1967-07-03,2025-12-30,14721,-12.3099,15.6129,-0.7884,-99.9704,-17.9929,-10.9167,0.8058,0.4715,False
D10-D1_R2_vw_skip21,1967-07-03,2025-12-30,14721,6.5164,12.8352,0.5077,-37.6284,3.3731,2.1062,0.5544,0.3386,False
D10-D1_SignedR2_vw_skip21,1967-07-03,2025-12-30,14721,9.8573,16.6189,0.5931,-50.8832,3.2458,2.2380,1.0510,0.6185,False
D10-D1_TSlope_vw_skip21,1967-07-03,2025-12-30,14721,9.8573,16.6189,0.5931,-50.8832,3.2458,2.2380,1.0510,0.6185,False
D10-D1_Slope_vw_skip21,1967-07-03,2025-12-30,14721,12.6948,21.8487,0.5810,-76.7208,4.7302,2.6207,1.3587,0.6551,False
D10-D1_Mom12m_vw_skip21,1967-07-03,2025-12-30,14721,13.0170,23.0558,0.5646,-78.1303,4.6921,2.4826,1.4842,0.6961,False
D10-D1_Mom6m_vw_skip21,1967-07-03,2025-12-30,14721,7.3925,21.7159,0.3404,-77.3790,-0.7692,-0.3832,1.3298,0.5741,False
D10-D1_IntMom_vw_skip21,1967-07-03,2025-12-30,14721,11.8888,18.8650,0.6302,-57.2019,8.0782,3.8480,0.7946,0.3875,False
D10-D1_STreversal_vw_skip21,1967-07-03,2025-12-30,14721,2.9184,19.6216,0.1487,-69.5357,4.7569,2.0525,-0.3753,0.0668,False
D10-D1_LRreversal_vw_skip21,1967-07-03,2025-12-30,14721,3.0608,10.8279,0.2827,-58.2593,3.9900,3.4877,0.0571,0.4224,False
D10-D1_MRreversal_vw_skip21,1967-07-03,2025-12-30,14721,3.2991,18.0455,0.1828,-79.9980,-2.4669,-1.2315,0.0211,0.4647,False
D10-D1_High52_vw_skip21,1967-07-03,2025-12-30,14721,3.7243,20.6494,0.1804,-77.3737,-1.9377,-1.0580,0.7590,0.5377,False
D10-D1_MomVol_vw_skip21,1967-07-03,2025-12-30,14721,2.2563,17.2895,0.1305,-86.8739,-5.4816,-3.5780,0.8920,0.5617,False
D10-D1_IndMom_vw_skip21,1967-07-03,2025-12-30,14721,3.0151,15.6418,0.1928,-70.5156,-2.3142,-1.3461,0.8269,0.4180,False
D10-D1_ResidualMom_vw_skip21,1967-07-03,2025-12-30,14721,11.5499,21.8566,0.5284,-81.2306,5.8750,2.9745,1.2544,0.5752,False
D10-D1_TrendFactor_vw_skip21,1967-07-03,2025-12-30,14721,0.0309,21.4176,0.0014,-90.2222,-6.3756,-3.0117,1.0106,0.4186,False
factor_TS,1969-03-13,2025-11-28,12558,12.7022,13.0647,0.9722,-47.6635,8.7896,4.4392,0.5304,0.2505,False
factor_PRET,1969-03-13,2025-11-28,12558,6.7633,9.4925,0.7125,-42.0932,5.1064,3.4556,0.3434,0.2144,False
factor_R2,1969-03-13,2025-11-28,12558,0.1037,6.7500,0.0154,-39.4443,0.2363,0.2179,0.0118,0.0206,False
