date,ts_full_ew,ts_full_vw,ts_top500_ew,ts_top500_vw
1963-07-31,0.05172362,0.05688464,0.05354137,0.05147548
1963-08-31,0.09322230,0.09408053,0.06153134,0.07159941
1963-09-30,-0.01405063,0.01867845,0.00084684,0.01302041
1963-10-31,0.04289513,0.10948811,0.07922974,0.08277435
1963-11-30,0.00269801,-0.00104987,0.04345686,0.02430668
1963-12-31,0.01277194,0.04968593,0.07760273,0.06018562
1964-01-31,-0.01290620,0.01362514,0.07797695,0.03921715
1964-02-29,0.01443616,0.03555209,0.01959929,0.03260696
1964-03-31,-0.01671419,-0.00912284,0.02982669,0.00243003
1964-04-30,-0.00629388,0.00231420,0.01757242,0.01358362
1964-05-31,0.04355397,0.06649362,0.04334620,0.08157382
1964-06-30,0.01089541,-0.00131122,-0.04147649,-0.03014531
1964-07-31,0.03029178,-0.02248558,-0.01841117,-0.06147883
1964-08-31,-0.01399822,-0.03552453,-0.02611280,-0.02307057
1964-09-30,0.01176122,0.08122537,0.00698562,0.05113923
1964-10-31,0.02229038,-0.03223568,-0.00026723,-0.00627196
1964-11-30,0.02591599,-0.01135641,-0.00094389,0.01973227
1964-12-31,-0.02171514,-0.03009569,-0.01014090,-0.02087974
1965-01-31,-0.03475239,-0.03809156,-0.01606902,-0.06270447
1965-02-28,-0.00104530,0.01275568,0.00664529,0.00275373
1965-03-31,0.01838307,0.03511365,-0.00818323,-0.02311464
1965-04-30,0.00779184,-0.00581600,0.01464580,0.01901613
1965-05-31,0.02421028,-0.01505834,-0.02485928,-0.01772131
1965-06-30,-0.05301781,-0.09274779,-0.05348707,-0.07597218
1965-07-31,0.05712763,0.10844215,0.06719366,0.09172462
1965-08-31,0.02711402,0.08998488,0.08022425,0.06222725
1965-09-30,0.08118256,0.05973961,0.04140998,-0.00192935
1965-10-31,0.05623399,0.11541272,0.06795576,0.06977433
1965-11-30,0.10020935,0.14076923,0.13391682,0.15419046
1965-12-31,-0.02769710,-0.02281393,-0.02372854,-0.02443359
1966-01-31,0.02444638,0.11439166,0.10581697,0.12779393
1966-02-28,0.08440404,0.11408539,0.10299628,0.09500581
1966-03-31,0.02706095,0.03561181,0.06361853,0.04453014
1966-04-30,0.12153366,0.03559993,0.02916692,0.02605772
1966-05-31,-0.09604945,-0.13031010,-0.10638480,-0.10935765
1966-06-30,0.04457620,0.05486674,0.06029858,0.05682626
1966-07-31,-0.00266236,-0.00865229,-0.00639046,0.01708981
1966-08-31,-0.04930881,-0.08350146,-0.04616008,-0.03984076
1966-09-30,0.00986991,-0.04184361,-0.04933770,-0.08410063
1966-10-31,-0.09147997,-0.11447311,-0.10252034,-0.09700382
1966-11-30,0.04240344,-0.06273169,-0.08169438,-0.08475335
1966-12-31,-0.01064723,-0.04360505,-0.00523447,0.02125234
1967-01-31,-0.05230923,-0.00536592,0.00251908,0.00061997
1967-02-28,-0.00915241,0.03058869,0.04129341,0.05599494
1967-03-31,0.04313997,0.01734037,0.06608530,0.02635825
1967-04-30,0.04878591,0.08967610,0.05703564,0.06330377
1967-05-31,-0.03619013,-0.01363932,-0.02850071,-0.00997560
1967-06-30,0.08519958,0.07161196,0.07000852,0.08220598
1967-07-31,0.00879392,0.01985205,0.00696861,0.00214970
1967-08-31,-0.01390871,0.01191560,0.02812228,0.02657595
1967-09-30,0.05345687,0.01469138,-0.00464542,-0.02905301
1967-10-31,0.05080320,0.09774545,0.10436259,0.10178576
1967-11-30,0.03733184,0.02759195,0.00810679,0.00990508
1967-12-31,0.12468050,0.05770579,0.03992344,-0.00247983
1968-01-31,-0.02931734,-0.04389443,-0.03490505,-0.05122062
1968-02-29,-0.04756009,-0.07881631,-0.03121808,-0.02829437
1968-03-31,0.02968385,0.05508275,0.03432949,0.07651584
1968-04-30,0.16586497,0.21604844,0.10393018,0.12371310
1968-05-31,0.06295499,0.09827327,0.06454397,0.06423728
1968-06-30,-0.01636678,-0.01912310,0.02537408,0.04855249
1968-07-31,0.03331601,0.02239936,-0.02688650,-0.03206959
1968-08-31,0.06441880,0.07060275,0.01766525,0.00029855
1968-09-30,0.03458452,0.05314440,0.05348669,0.03843850
1968-10-31,-0.03539000,-0.05570755,-0.00900007,-0.03120614
1968-11-30,0.02575242,0.04141692,0.02414822,0.05859514
1968-12-31,0.00555090,0.02809506,-0.00764003,0.00610108
1969-01-31,0.01472065,0.01475879,0.01167004,0.01418551
1969-02-28,-0.02132089,-0.03884571,-0.04751477,-0.05024814
1969-03-31,0.09303731,0.09574199,0.06093666,0.04118689
1969-04-30,0.05800831,0.07919866,0.06592489,0.04021562
1969-05-31,0.06459161,0.06759619,0.06962438,0.04374856
1969-06-30,-0.03384186,-0.05591278,-0.04696854,-0.05865685
1969-07-31,-0.03785952,-0.05997412,-0.05591748,-0.05215051
1969-08-31,0.01947796,0.04901304,0.04527503,0.05951053
1969-09-30,-0.01578559,-0.02383789,0.01401458,0.03171853
1969-10-31,0.00500268,0.03436359,0.01137065,0.03079855
1969-11-30,0.04957140,0.02011285,0.07034074,0.04575913
1969-12-31,0.03111653,0.00721587,0.01171145,0.02383963
1970-01-31,0.00616302,0.10177701,0.03453013,0.07676662
1970-02-28,0.00360861,-0.00958871,-0.03818222,-0.04462530
1970-03-31,0.02335954,0.01215148,-0.08442850,-0.04626804
1970-04-30,0.09139581,0.07100186,0.00657997,0.01949048
1970-05-31,-0.01614305,0.04980267,0.01176800,0.02724534
1970-06-30,0.06507605,0.04501884,0.06758838,0.06362209
1970-07-31,0.02414632,0.06889403,0.00378552,0.05885516
1970-08-31,-0.00490439,0.05777458,-0.01451523,0.05887814
1970-09-30,-0.04972416,-0.04806317,0.01132483,0.00686087
1970-10-31,0.00335904,-0.02221553,0.01351488,-0.00226257
1970-11-30,-0.00993315,0.00893287,0.02437620,0.03046760
1970-12-31,-0.01515154,-0.02308160,-0.03041140,-0.03926427
1971-01-31,-0.04902300,-0.06205886,-0.05016956,-0.05716570
1971-02-28,-0.01538194,-0.03770472,0.01273228,0.01053183
1971-03-31,0.00155253,0.00976235,0.01678379,0.03319763
1971-04-30,0.02538876,0.00263245,0.00769691,0.00515460
1971-05-31,0.04897236,0.05168609,0.06505594,0.05333350
1971-06-30,0.04680588,0.08406291,0.09626717,0.10415901
1971-07-31,-0.01325486,-0.02654034,0.00187317,0.00800126
1971-08-31,0.08428632,0.09898611,0.10964804,0.10192631
1971-09-30,0.06206205,0.08195446,0.04660183,0.05287418
1971-10-31,0.02855444,0.03899429,0.02551304,0.01228201
1971-11-30,0.01017320,0.04112535,0.07207552,0.04365082
1971-12-31,-0.02445503,-0.03259721,0.01719804,0.00518593
1972-01-31,-0.01524105,-0.00480712,0.08366498,0.04947100
1972-02-29,0.01098373,0.01706563,0.02285890,0.03511321
1972-03-31,-0.00624330,0.02659934,-0.00277966,0.02542129
1972-04-30,-0.00599088,-0.00944714,0.00066636,-0.01736263
1972-05-31,0.02562206,0.09422077,0.06959445,0.05367282
1972-06-30,0.00878136,0.03994596,0.03270443,0.05276406
1972-07-31,0.00403533,-0.00850103,-0.01300359,-0.01848750
1972-08-31,-0.07202626,-0.09535053,-0.07230377,-0.06821980
1972-09-30,0.01762862,0.00147280,0.02542051,0.02907574
1972-10-31,-0.01853518,-0.02938379,-0.00051723,0.01266098
1972-11-30,-0.01449990,-0.03898388,-0.06636365,-0.07002612
1972-12-31,0.04001232,0.08692948,0.09435189,0.09575162
1973-01-31,0.02582311,0.10710046,0.09693975,0.07920512
1973-02-28,-0.00996377,-0.01653034,0.01663443,0.00343739
1973-03-31,0.05612393,0.04687817,0.02795536,0.05721591
1973-04-30,0.02243524,0.07262860,0.04663294,0.05894412
1973-05-31,0.07122543,0.06332995,0.03922243,0.04489991
1973-06-30,0.01406299,0.01826675,0.02218175,0.06637407
1973-07-31,-0.03691359,-0.04080888,-0.07388356,-0.05231347
1973-08-31,-0.00219232,-0.02580673,0.01085832,0.01553014
1973-09-30,-0.05355852,-0.02640432,0.00159867,0.05919033
1973-10-31,0.04502379,0.05295021,0.08026978,0.05904665
1973-11-30,0.13471239,0.08320973,0.10813544,0.08858141
1973-12-31,0.02071498,0.00084161,0.05010935,0.03591175
1974-01-31,-0.04753048,-0.13137453,-0.07172208,-0.05600708
1974-02-28,0.05087603,0.03854952,0.02166744,0.01862862
1974-03-31,-0.07536547,-0.09110124,-0.06965073,-0.09073603
1974-04-30,-0.01110445,-0.00109497,0.01362074,-0.00981665
1974-05-31,-0.04288049,-0.08407613,-0.09754220,-0.11340720
1974-06-30,0.03862559,0.03675425,0.02805095,0.05974143
1974-07-31,-0.01609316,0.01658203,0.00026813,0.00075856
1974-08-31,0.07034652,0.08672589,0.02067903,0.07087267
1974-09-30,0.01604489,-0.01657074,-0.02166154,-0.04480265
1974-10-31,-0.00429124,0.07887811,0.06747408,0.09706919
1974-11-30,0.03847381,-0.03965563,0.01228561,-0.03531461
1974-12-31,0.00370508,0.03316192,0.01825341,-0.01027937
1975-01-31,-0.02566427,0.00220699,0.06525608,0.10765788
1975-02-28,-0.00955382,0.08029825,0.02313634,0.07839033
1975-03-31,0.00651211,0.05941305,0.03268134,0.02469206
1975-04-30,0.06798771,0.09159144,0.04579468,0.02534229
1975-05-31,0.03443099,0.06165671,0.05620619,0.08846258
1975-06-30,0.02054599,0.01825246,0.02741327,0.02065680
1975-07-31,-0.02460737,0.04554462,0.02209313,0.03961128
1975-08-31,0.00071680,0.00331691,-0.00411199,-0.01640325
1975-09-30,-0.00243403,0.04727682,0.01693597,0.04735134
1975-10-31,0.04401732,-0.01280826,-0.02601366,-0.07326984
1975-11-30,-0.00545403,-0.04006706,-0.06749111,-0.05032649
1975-12-31,-0.03091574,-0.00815668,0.02204718,0.00090968
1976-01-31,-0.00374501,0.05679686,0.02873185,0.03757417
1976-02-29,0.01261932,0.05642594,-0.01734571,0.01568290
1976-03-31,0.03633362,0.03446729,0.04132860,0.01024447
1976-04-30,0.00188572,-0.00662178,0.02094672,-0.00027824
1976-05-31,-0.04212702,-0.02378534,-0.03080748,-0.02811692
1976-06-30,0.01881095,-0.00403303,0.00729541,-0.00739816
1976-07-31,0.00861523,0.01210109,0.02899462,0.02532233
1976-08-31,-0.01371420,-0.02940561,-0.02742754,-0.04326701
1976-09-30,0.02582697,0.02385838,0.00843391,0.00418473
1976-10-31,0.00362703,-0.01886068,-0.03356526,-0.04780045
1976-11-30,0.01017142,0.06758198,0.01487975,0.05931784
1976-12-31,0.00266067,0.01476146,0.01375948,0.00161975
1977-01-31,0.04778034,0.09704518,0.07361821,0.05622077
1977-02-28,0.02119501,-0.03546894,-0.04224030,-0.03795224
1977-03-31,-0.00445238,0.00421771,-0.00043853,-0.00108449
1977-04-30,0.03211864,0.02353382,0.05375895,0.05316652
1977-05-31,0.03030917,0.06874348,0.03959341,0.06982328
1977-06-30,0.02923612,0.01752493,-0.01842875,-0.02679069
1977-07-31,0.00224583,0.00357777,0.00169281,-0.00724121
1977-08-31,0.01829259,0.01382297,-0.04106477,-0.04193489
1977-09-30,0.01901376,0.00696392,0.01317631,-0.00435887
1977-10-31,-0.00007739,-0.00290252,-0.02093922,-0.01115195
1977-11-30,0.01543680,0.02893770,0.02945432,0.01946180
1977-12-31,0.02529206,0.03361769,-0.00179520,-0.00339664
1978-01-31,-0.01623750,0.02133897,-0.00313115,0.01021863
1978-02-28,0.00469665,0.02420433,0.00759897,0.01521715
1978-03-31,-0.00678830,-0.00692749,-0.00748056,-0.00111865
1978-04-30,0.00230112,0.01122897,-0.02351047,-0.02158073
1978-05-31,0.06173064,0.08959221,0.06806759,0.08399396
1978-06-30,0.03399424,0.03910793,0.02698361,0.05834999
1978-07-31,0.03628716,0.02605208,0.07723934,0.08964971
1978-08-31,0.03055323,0.02679622,0.05428867,0.05146681
1978-09-30,-0.02671269,-0.07733055,-0.08006284,-0.08457709
1978-10-31,-0.14922930,-0.15379914,-0.13737694,-0.09499033
1978-11-30,0.11362967,0.13994215,0.08466281,0.09022565
1978-12-31,0.04634669,0.05799913,0.02760707,0.04094247
1979-01-31,-0.01834803,-0.03196097,-0.05408596,-0.06548208
1979-02-28,-0.00939793,-0.04656063,-0.00388045,-0.02776052
1979-03-31,0.01228648,0.01888827,0.01899506,0.01301032
1979-04-30,-0.00741572,0.02686942,0.04432476,0.02410763
1979-05-31,0.01347762,0.03896635,0.03392847,0.04083745
1979-06-30,0.01577213,0.01280766,-0.01343940,-0.01314331
1979-07-31,-0.02422544,-0.01553155,-0.03760245,-0.01137863
1979-08-31,0.00089101,0.00963321,0.01176986,0.01654247
1979-09-30,0.05220731,0.05480940,0.06829296,0.11064020
1979-10-31,-0.00506484,-0.01228245,0.02908610,-0.00817014
1979-11-30,0.09484768,0.12309084,0.09791303,0.08525638
1979-12-31,0.05790855,0.05306971,0.04068799,0.05397158
1980-01-31,0.06906848,0.08893324,0.12946991,0.14813415
1980-02-29,0.05640164,0.15874055,0.11986993,0.16123956
1980-03-31,-0.10815568,-0.17945136,-0.16174802,-0.16862499
1980-04-30,0.03060120,0.04300762,0.05888007,0.05683318
1980-05-31,-0.01447245,0.00577154,0.00780391,-0.00489682
1980-06-30,0.03429016,0.06644870,0.06830703,0.01535279
1980-07-31,0.00544055,-0.03744032,0.00882320,0.01705348
1980-08-31,0.06285427,0.03285380,0.06613259,0.05878334
1980-09-30,0.06042803,0.03814631,0.09175911,0.06944361
1980-10-31,0.07195858,0.05578728,0.04775913,0.04237937
1980-11-30,0.11743485,0.13225148,0.20573567,0.15093530
1980-12-31,-0.03026454,0.01116063,-0.02557955,-0.04462777
1981-01-31,-0.07750976,-0.11748110,-0.13683193,-0.14418830
1981-02-28,-0.02099505,0.01162218,0.02889654,0.04443284
1981-03-31,0.01870112,-0.02105356,-0.04377561,-0.02979012
1981-04-30,0.05551377,-0.00580453,-0.03990870,-0.04889563
1981-05-31,0.07500959,0.04389466,0.01971250,0.03718698
1981-06-30,-0.08656518,-0.15482231,-0.15188746,-0.17104761
1981-07-31,0.01420304,-0.03892054,-0.00137315,-0.02604544
1981-08-31,-0.05687964,-0.04427134,-0.00888732,0.00996923
1981-09-30,0.02869973,0.03508713,0.08483397,0.07972961
1981-10-31,0.03820509,0.01897198,0.03586242,0.04356306
1981-11-30,-0.02102682,-0.00251191,-0.00781442,-0.01096233
1981-12-31,-0.00320854,-0.01853596,-0.00814606,-0.01077683
1982-01-31,0.00342900,0.00911344,0.01188798,0.01229941
1982-02-28,-0.00161643,0.00341059,0.02516020,0.03420243
1982-03-31,0.02073633,-0.00461860,0.01207673,-0.01302417
1982-04-30,-0.02298153,-0.00416031,-0.01321753,-0.01022335
1982-05-31,0.03324452,0.00788868,0.02140940,0.00700282
1982-06-30,0.01949626,0.08710023,0.03980632,0.09792697
1982-07-31,0.02420560,0.03141896,0.07130850,0.10477188
1982-08-31,-0.00823562,-0.04103688,-0.02309858,-0.01966330
1982-09-30,0.03436362,0.02402724,0.02264362,0.03873610
1982-10-31,0.02025760,0.04925606,0.01308565,0.05370018
1982-11-30,0.06676117,0.09876993,0.11439423,0.14909382
1982-12-31,0.01094337,-0.02980295,-0.02205431,-0.03611471
1983-01-31,-0.02734868,-0.03800119,-0.02356425,-0.01347158
1983-02-28,0.09344913,0.10433126,0.09221234,0.08381207
1983-03-31,0.01189773,0.02781027,0.04271043,0.03838541
1983-04-30,0.05761329,0.08645058,0.04390818,0.02225228
1983-05-31,-0.02711884,-0.01747569,0.00195922,-0.00154667
1983-06-30,0.00457993,0.02785278,0.02903491,0.04658938
1983-07-31,-0.05459194,-0.06264711,-0.09688863,-0.07405295
1983-08-31,-0.03085197,-0.02282790,-0.02525790,-0.02037821
1983-09-30,0.04385002,0.00548666,-0.03169061,-0.03343907
1983-10-31,-0.01877761,-0.07205811,-0.10049201,-0.09647275
1983-11-30,-0.00424963,0.02994339,0.00610181,0.00332071
1983-12-31,-0.01138468,-0.03185666,-0.04400508,-0.03355182
1984-01-31,-0.02752486,-0.07838760,-0.05715909,-0.06279958
1984-02-29,-0.00480764,0.00461437,-0.02495950,0.05552904
1984-03-31,0.02035028,0.04675639,0.05777807,0.05775961
1984-04-30,0.00651560,0.02778545,0.00984581,0.02426693
1984-05-31,0.02693463,0.03939097,0.02213415,0.04524425
1984-06-30,-0.01005578,-0.00603603,0.00690165,0.02416252
1984-07-31,0.02992243,0.01631293,-0.02809502,-0.04804688
1984-08-31,-0.05115081,-0.01945961,-0.02658207,-0.04119498
1984-09-30,0.01477207,0.00581690,-0.00030280,-0.00250926
1984-10-31,0.01604333,-0.00054814,0.01994301,-0.00938513
1984-11-30,-0.01157154,0.00794759,-0.00288256,-0.00842314
1984-12-31,0.01983225,-0.00973753,-0.01529167,-0.02871257
1985-01-31,-0.04364774,-0.01885810,-0.00413642,-0.01503005
1985-02-28,0.02883230,0.06288548,0.03942069,0.04627568
1985-03-31,0.04694361,-0.00972268,-0.03498490,-0.05347589
1985-04-30,0.04530033,0.05359684,0.04463293,0.02230147
1985-05-31,0.04794630,0.09549049,0.07672748,0.08747421
1985-06-30,0.03206876,0.04977960,0.04879320,0.04330467
1985-07-31,-0.00931306,-0.06059307,-0.07399257,-0.07732584
1985-08-31,0.01520633,-0.00270841,-0.00215696,0.01312266
1985-09-30,0.00852069,0.01164119,0.02033677,-0.00316683
1985-10-31,0.03922175,0.10182648,0.08657577,0.10443532
1985-11-30,0.01696296,-0.01980041,-0.01423962,-0.03442919
1985-12-31,0.01504637,-0.01615276,-0.02148471,-0.05261264
1986-01-31,0.06341890,0.03270781,0.08334009,0.05912621
1986-02-28,0.01452526,0.01555206,-0.00755984,-0.00091019
1986-03-31,0.01081273,0.04540495,0.00586162,0.02107404
1986-04-30,0.02043452,0.01789967,0.01342187,0.00599531
1986-05-31,0.02426745,0.02933980,0.04741566,0.05048326
1986-06-30,0.07703787,0.07707789,0.07128040,0.06689532
1986-07-31,-0.00132965,0.00539586,0.03802325,0.03394941
1986-08-31,-0.02458943,-0.10878151,-0.06676974,-0.07444394
1986-09-30,-0.05135310,-0.08218275,-0.10608482,-0.11305922
1986-10-31,0.04130406,0.06132229,0.02760653,0.04967298
1986-11-30,-0.00349718,0.05201116,0.00067938,-0.00331789
1986-12-31,-0.01391843,-0.01294184,0.02047660,0.02532806
1987-01-31,0.03495718,0.04076345,0.02082501,0.00232728
1987-02-28,0.02941398,0.04621026,0.05104638,0.03545759
1987-03-31,0.02423624,0.05623128,0.09174118,0.08729398
1987-04-30,0.04277941,0.09679402,0.07764226,0.02985790
1987-05-31,-0.00032678,0.00650052,-0.01154345,-0.03558580
1987-06-30,-0.04766459,-0.05475407,-0.08046526,-0.04490958
1987-07-31,0.01476295,0.05162833,0.09216819,0.10541113
1987-08-31,0.01884325,0.03913675,0.02242389,0.02368428
1987-09-30,0.04023672,0.08260464,0.05629103,0.03202158
1987-10-31,-0.06981252,-0.05013493,-0.20791798,-0.22523024
1987-11-30,0.01638198,0.04380747,0.04632062,0.03131611
1987-12-31,0.03529984,0.06378487,0.07088079,0.07457496
1988-01-31,-0.04112614,-0.08449837,-0.15164238,-0.13811699
1988-02-29,-0.00478422,-0.03523516,0.00265369,0.04213652
1988-03-31,0.00120554,0.00574448,-0.08905662,-0.05825549
1988-04-30,0.01643205,0.03041401,0.03526170,0.04671809
1988-05-31,0.00959476,0.03187234,0.00606944,0.01675254
1988-06-30,0.00575166,-0.00779584,-0.00821114,-0.01909435
1988-07-31,0.02367784,0.04426769,-0.01149343,-0.00404265
1988-08-31,0.00248330,0.02462524,-0.00286464,0.01970177
1988-09-30,0.00955142,-0.02010296,-0.00943099,-0.00961678
1988-10-31,-0.00470373,-0.06036564,0.01205886,0.00488761
1988-11-30,0.03235175,0.01380956,0.02277800,-0.00383651
1988-12-31,0.00171263,-0.05030373,-0.04050187,-0.06055329
1989-01-31,0.00605583,0.02005907,-0.00739157,-0.00041272
1989-02-28,0.03355417,0.01222867,0.02976712,0.01959246
1989-03-31,0.02527110,0.09021249,0.09349964,0.11355009
1989-04-30,0.01169555,-0.02318405,-0.00288979,-0.02201382
1989-05-31,0.02057444,0.04939610,0.01891002,0.00949315
1989-06-30,0.00279413,0.02899583,0.05080141,0.02170034
1989-07-31,0.03787330,0.03216037,0.04228879,0.05084578
1989-08-31,0.01669941,-0.00833838,-0.01508454,-0.01789740
1989-09-30,0.04433021,0.13958704,0.10317137,0.10764340
1989-10-31,0.02072849,0.02331758,0.05550254,0.04125320
1989-11-30,0.01347098,0.00519424,0.02575562,0.03460720
1989-12-31,0.00833599,-0.05907386,-0.01584432,-0.03552205
1990-01-31,-0.04443791,-0.06758659,-0.03473678,-0.06560608
1990-02-28,0.00518364,0.01015645,-0.00273643,-0.03071261
1990-03-31,0.03767623,0.01954293,0.01635453,-0.00891503
1990-04-30,0.03951214,-0.01175071,-0.00446718,-0.01687136
1990-05-31,0.06043828,0.03459952,0.02278059,0.04125145
1990-06-30,0.02286589,0.01568105,0.00486291,0.01023814
1990-07-31,0.01936207,0.01537044,0.05343987,0.01625538
1990-08-31,-0.00119868,0.09068085,0.04159712,0.01872004
1990-09-30,-0.00973836,-0.01526248,0.04608509,-0.02434737
1990-10-31,0.04902367,0.01000963,0.04762745,-0.00291445
1990-11-30,-0.00029631,-0.00228761,-0.05476914,0.00056209
1990-12-31,-0.01214588,-0.03257528,-0.05524337,-0.02667127
1991-01-31,0.02731231,-0.02824057,0.03138619,-0.05550917
1991-02-28,0.03144320,0.01818555,0.00628747,0.00061876
1991-03-31,0.04529164,0.04685763,0.03532439,0.00055658
1991-04-30,0.01784358,-0.03666977,-0.07219834,-0.02395595
1991-05-31,0.04549797,0.03203651,0.01901974,0.01119295
1991-06-30,-0.01070842,-0.01749321,0.00090291,0.02853029
1991-07-31,0.08482410,0.15583745,0.08688237,0.09295817
1991-08-31,0.03308774,0.04606457,0.04997528,0.09353476
1991-09-30,0.03546673,0.03914392,-0.02578038,-0.01037664
1991-10-31,0.02779215,0.06963396,0.03533124,0.04329935
1991-11-30,-0.01718323,-0.00040326,0.08000424,0.06261610
1991-12-31,0.04162357,0.01832905,0.09397926,0.03053450
1992-01-31,-0.01438126,-0.00492304,-0.03836979,-0.04317441
1992-02-29,-0.01078595,-0.06110377,-0.03830202,-0.06220456
1992-03-31,-0.01027949,-0.03456298,-0.00574183,-0.01729296
1992-04-30,-0.06410624,-0.12829240,-0.07377878,-0.10547973
1992-05-31,-0.00781819,-0.02433989,-0.00960536,0.02728943
1992-06-30,-0.01447529,0.00922336,-0.03372610,-0.04536753
1992-07-31,0.03517651,0.05047503,0.02492126,0.02030109
1992-08-31,-0.01306875,-0.04992073,-0.06168374,-0.05518338
1992-09-30,0.04758032,0.08109753,0.07390643,0.03991120
1992-10-31,0.00845400,0.04137527,-0.01183420,-0.01548406
1992-11-30,-0.03376753,0.02723522,-0.03338010,-0.01185839
1992-12-31,0.06589851,0.05908554,0.02790059,0.01543658
1993-01-31,0.05044758,0.08611921,0.04921570,0.04802771
1993-02-28,0.06036640,0.02224171,0.00899869,-0.00336447
1993-03-31,0.04631052,0.04848753,0.02664845,-0.00406166
1993-04-30,0.00439075,-0.01528376,-0.02497143,-0.09374250
1993-05-31,-0.00432577,0.09896396,0.08400615,0.10526095
1993-06-30,0.07350541,0.13873203,0.09506028,0.10547633
1993-07-31,0.05204523,0.07476028,0.01997029,0.02806388
1993-08-31,0.03989531,0.08441725,0.08393263,0.03564186
1993-09-30,0.03736670,0.06716629,0.06374840,0.09303200
1993-10-31,-0.02415464,-0.02775228,-0.03835943,-0.04269695
1993-11-30,-0.05459119,-0.10101518,-0.11628931,-0.11240317
1993-12-31,0.03552308,0.02211604,0.01215247,-0.01305836
1994-01-31,-0.01064944,0.02543560,0.03431212,0.05204801
1994-02-28,0.00492310,-0.00052959,0.00294136,-0.00168707
1994-03-31,-0.04012624,-0.07337575,-0.04472371,-0.05495469
1994-04-30,-0.00327813,-0.04629861,-0.01945431,-0.02200229
1994-05-31,-0.04188079,-0.03656640,-0.00970147,-0.02977826
1994-06-30,0.00163281,-0.07162152,-0.04899401,-0.04935772
1994-07-31,0.00786333,0.02590207,0.02990932,0.01794917
1994-08-31,-0.00939959,0.05701214,0.04675953,0.06315624
1994-09-30,0.05636205,0.02931584,-0.00690943,-0.01385828
1994-10-31,0.02320484,0.06507343,-0.00199073,0.09172406
1994-11-30,0.05254466,0.01430089,0.00997298,0.02068803
1994-12-31,0.02356195,0.01332623,-0.03116065,-0.01054489
1995-01-31,-0.01558135,-0.06295189,-0.02882797,-0.01038655
1995-02-28,0.00091359,0.02188823,0.05505063,0.01964588
1995-03-31,0.04278045,0.03411048,0.00896050,0.03430020
1995-04-30,0.01803919,0.03392682,0.01839128,0.02089848
1995-05-31,0.01578086,-0.00998782,-0.05244105,-0.03496149
1995-06-30,0.09198767,0.13362834,0.11670244,0.11107898
1995-07-31,0.06611552,0.07961695,0.08189592,0.04186134
1995-08-31,0.02922527,0.03376222,0.00454218,0.04087248
1995-09-30,0.04530993,0.08134687,0.02459387,0.00740827
1995-10-31,0.03230752,-0.01594596,-0.05493320,0.02201269
1995-11-30,0.00735082,-0.10201081,-0.07682102,-0.10572847
1995-12-31,0.03228920,-0.02015073,0.00215525,-0.02110190
1996-01-31,-0.00852210,0.02522595,-0.01032980,0.03049100
1996-02-29,0.01928951,0.05514869,0.03334229,0.03787923
1996-03-31,0.03304536,-0.04261268,-0.03569672,-0.06870320
1996-04-30,0.03425922,0.03909731,-0.03234556,-0.01076456
1996-05-31,0.02874907,0.07041339,0.02174866,0.00182036
1996-06-30,0.00615393,0.01268016,0.05198452,0.04918228
1996-07-31,-0.04327883,-0.03765694,-0.03508266,-0.03926609
1996-08-31,0.03296326,0.02993813,-0.00604851,0.02033809
1996-09-30,0.06564912,0.09297039,0.03170977,0.05279060
1996-10-31,0.00173542,0.03953171,0.07268731,0.08441940
1996-11-30,-0.02995299,-0.07548365,-0.07187231,-0.08914778
1996-12-31,0.02640962,0.03529370,0.04235925,0.01757684
1997-01-31,-0.03065871,0.04703767,0.07874960,0.13491119
1997-02-28,-0.05551033,-0.10244144,-0.05086055,-0.09464129
1997-03-31,0.04409013,0.04263776,-0.01091328,-0.02043413
1997-04-30,0.01911058,0.07990914,0.11887954,0.21780911
1997-05-31,-0.04312869,-0.08785483,-0.05860801,-0.09303615
1997-06-30,0.03907843,0.01661310,0.02001578,0.04033704
1997-07-31,0.04579508,0.08960503,0.13357591,0.11774372
1997-08-31,0.02036007,-0.03012147,-0.02985232,-0.04889388
1997-09-30,0.01101372,-0.02588783,0.05318258,0.01087243
1997-10-31,-0.02394648,-0.09312503,-0.04228197,-0.01482142
1997-11-30,0.01846598,0.00930296,0.00840959,-0.00409907
1997-12-31,0.02858937,-0.00035521,-0.02705829,-0.07675082
1998-01-31,-0.03989116,0.02747201,-0.02427661,0.01148622
1998-02-28,-0.00173496,0.01411230,0.02152079,-0.02994291
1998-03-31,0.01839796,0.05334293,0.04834845,0.05388820
1998-04-30,0.00417055,0.02128307,-0.00239402,-0.02959232
1998-05-31,0.03641646,-0.00148799,0.05054333,0.02970227
1998-06-30,0.14628966,0.19797790,0.12676127,0.10550574
1998-07-31,0.02842095,0.10044104,0.09279687,0.02876888
1998-08-31,-0.04646989,-0.01635648,-0.00493270,0.01780981
1998-09-30,0.05740854,-0.02708568,0.01251760,-0.06011795
1998-10-31,-0.04665087,-0.05550758,-0.04198326,-0.01365533
1998-11-30,0.08651912,0.04337737,0.04095677,-0.02009520
1998-12-31,0.10145578,0.17024034,0.21991185,0.27907539
1999-01-31,0.05317683,0.07552459,0.18976776,0.13869281
1999-02-28,0.01746087,-0.03290546,-0.04583443,-0.09218963
1999-03-31,0.11312627,0.16683332,0.17772404,0.23394523
1999-04-30,-0.03060525,-0.12444414,-0.00538563,-0.08370864
1999-05-31,-0.03355946,-0.08149917,-0.08722076,-0.08287132
1999-06-30,0.12901474,0.04001476,0.04050198,-0.01810754
1999-07-31,-0.01531479,-0.03917149,-0.10025340,-0.11267877
1999-08-31,0.04810740,0.05215405,0.00616559,0.00787636
1999-09-30,0.05205569,0.03791058,0.00791779,0.00564718
1999-10-31,0.10751525,0.12893961,0.13663309,0.11475947
1999-11-30,0.11103288,0.23587900,0.18934261,0.32615156
1999-12-31,0.21336414,0.52242263,0.40826399,0.67322870
2000-01-31,0.07301187,0.07782747,0.11712764,0.02942675
2000-02-29,0.36500944,0.46066855,0.58917150,0.51124899
2000-03-31,-0.16147444,-0.23242146,-0.32638300,-0.25200697
2000-04-30,-0.14971335,-0.12657901,-0.11309432,-0.08919146
2000-05-31,-0.09459260,-0.11725825,-0.11385025,-0.08291073
2000-06-30,0.35786580,0.33958923,0.43964833,0.39582616
2000-07-31,-0.12490645,-0.02726977,-0.00438478,0.07204189
2000-08-31,0.14356273,0.15725583,0.19913560,0.22290242
2000-09-30,0.01106126,-0.03466946,0.00670887,0.01360496
2000-10-31,-0.10083968,-0.13913984,-0.16954687,-0.11770021
2000-11-30,-0.12953835,-0.22847239,-0.27095476,-0.34549031
2000-12-31,0.11410375,0.21286630,0.19801417,0.19218151
2001-01-31,-0.16821826,-0.12006970,-0.14750516,-0.11672391
2001-02-28,0.14020312,0.30003704,0.20716934,0.35571898
2001-03-31,0.07136168,0.05267406,0.08521481,0.10131343
2001-04-30,-0.09672825,-0.13793476,-0.13925576,-0.15989378
2001-05-31,0.01499215,0.00387976,0.01888697,0.01244538
2001-06-30,-0.02937838,-0.00894435,0.00037077,0.02649551
2001-07-31,0.06456394,0.02850762,0.05052951,-0.00808128
2001-08-31,0.05752812,0.05288973,-0.00507784,0.01606653
2001-09-30,0.16625642,-0.04186116,0.09553771,-0.05960682
2001-10-31,-0.08791030,-0.10923991,-0.04764912,-0.01517243
2001-11-30,-0.06348945,-0.01169885,-0.03660569,0.03504517
2001-12-31,-0.04848892,-0.02073780,0.00115994,0.01565041
2002-01-31,0.02095578,-0.04017227,-0.02653020,-0.03362718
2002-02-28,-0.01273863,-0.03370531,-0.02540525,0.02728268
2002-03-31,-0.01053592,0.00497482,-0.00329110,-0.04654564
2002-04-30,0.05288336,0.06985573,0.08615294,0.10274760
2002-05-31,0.02841791,-0.04764675,0.02368942,-0.00523486
2002-06-30,0.08268352,0.08250160,0.03232405,0.06288920
2002-07-31,-0.01505569,-0.01284757,-0.02271718,0.00517554
2002-08-31,0.03694571,0.02125603,-0.04077049,-0.01768468
2002-09-30,0.06101451,0.12499580,0.08502053,0.13012029
2002-10-31,-0.07605115,-0.05414651,-0.01645461,-0.03229055
2002-11-30,-0.08623229,-0.09504903,-0.12398339,-0.15040091
2002-12-31,0.05057408,0.02935340,0.04842178,0.06498367
2003-01-31,0.00510369,0.01142059,0.03418462,0.07288426
2003-02-28,0.01464422,0.01228645,0.04194603,0.03082353
2003-03-31,0.01650014,0.00422097,0.00377003,-0.00190229
2003-04-30,-0.01788174,-0.05889881,-0.01323423,-0.04195421
2003-05-31,-0.03134498,0.04917121,0.02383181,0.05574214
2003-06-30,0.02159884,0.02446946,0.00074221,-0.01047595
2003-07-31,0.03370624,0.02360063,-0.00756023,-0.00557228
2003-08-31,0.02943643,0.05071811,0.03907748,0.07506633
2003-09-30,0.00428063,0.01781017,-0.01261635,-0.00091664
2003-10-31,0.04418741,0.08217728,0.07846262,0.06154786
2003-11-30,0.01773999,0.04117085,-0.00240122,0.04858445
2003-12-31,-0.05810199,-0.08643789,-0.07764992,-0.09153871
2004-01-31,0.02613349,0.01792664,0.02443498,-0.02248121
2004-02-29,-0.00017404,-0.02696964,-0.01018328,-0.02130792
2004-03-31,-0.00780444,0.02706299,0.00038344,0.00750787
2004-04-30,-0.06138854,-0.12528205,-0.10142492,-0.10017979
2004-05-31,0.04693202,0.04141933,0.05314782,0.07619438
2004-06-30,0.02242354,0.03647454,0.02168240,0.03804050
2004-07-31,0.01097900,0.02628299,0.05364955,0.00561067
2004-08-31,-0.02818593,-0.02941280,-0.03060025,0.00084564
2004-09-30,0.01593318,0.03949546,0.05715823,0.08304871
2004-10-31,-0.01436661,0.03116132,0.04554471,0.05696327
2004-11-30,0.04130623,0.11448480,0.06254782,0.08271829
2004-12-31,-0.03265843,-0.02452672,-0.00964323,-0.01253136
2005-01-31,0.03318279,0.04987205,0.02736492,0.00556892
2005-02-28,0.06976436,0.09261678,0.10984687,0.09840530
2005-03-31,-0.01599938,-0.03946844,-0.01342526,-0.01127454
2005-04-30,-0.01615494,-0.04703454,-0.03983807,-0.07222684
2005-05-31,0.03606931,-0.01870484,0.02051471,-0.01457104
2005-06-30,0.01061431,0.06820482,0.07850447,0.08954393
2005-07-31,0.00611893,-0.01134669,0.01679611,-0.00594333
2005-08-31,-0.00673247,0.06549492,0.04340705,0.07509656
2005-09-30,0.04717450,0.02611022,0.06974073,0.06242554
2005-10-31,0.00566593,0.02613242,-0.04736649,-0.06762076
2005-11-30,0.03167822,0.03116366,0.01989280,0.03320550
2005-12-31,0.00675491,-0.02375799,0.01479764,-0.03187988
2006-01-31,0.09337392,0.07909496,0.10785747,0.08161894
2006-02-28,-0.03135974,-0.08175229,-0.07652971,-0.09326379
2006-03-31,0.01877238,0.00891090,0.03144221,0.00239069
2006-04-30,0.02130107,0.04235502,0.02353342,0.02885175
2006-05-31,-0.03329490,-0.04808742,-0.03576531,-0.00987850
2006-06-30,0.00990991,0.02557820,0.01957276,0.01189942
2006-07-31,-0.02945108,-0.06207204,-0.07474050,-0.04858516
2006-08-31,-0.03365100,-0.01758824,-0.02751347,-0.03247968
2006-09-30,-0.01120435,-0.01927887,-0.02926379,-0.05008598
2006-10-31,0.02528385,0.03992679,0.05233728,0.04807311
2006-11-30,0.01191352,-0.02146416,-0.02571664,-0.01066432
2006-12-31,0.02056660,0.03592034,0.04264698,0.03413192
2007-01-31,0.01682774,0.03576439,-0.01298107,-0.01577453
2007-02-28,-0.00257181,0.00165740,-0.02824796,-0.05604031
2007-03-31,0.02488370,0.00525544,-0.00271441,0.02037511
2007-04-30,0.01952172,0.01290295,0.00515584,0.00384761
2007-05-31,0.01839251,0.11982533,0.04512857,0.07610074
2007-06-30,0.02693842,0.04039170,0.02097211,0.02603591
2007-07-31,0.03999855,0.03923697,-0.00618671,-0.00264096
2007-08-31,-0.00308043,0.01381399,-0.00464343,-0.01433323
2007-09-30,0.05669985,0.09558685,0.08258848,0.10052666
2007-10-31,0.09321912,0.12254726,0.11410830,0.12503101
2007-11-30,0.00515964,0.06129751,0.06224489,0.09362936
2007-12-31,0.00571735,0.08723746,0.13771480,0.11527595
2008-01-31,-0.08093715,-0.09203867,-0.11838633,-0.14561828
2008-02-29,0.04060084,0.04980108,0.11225007,0.08489325
2008-03-31,-0.02292417,0.03312262,0.00802077,0.02326075
2008-04-30,0.02953688,0.00565126,0.00830730,-0.01268650
2008-05-31,0.02697624,0.06140670,0.05107112,0.08959617
2008-06-30,0.10494954,0.13007109,0.20829739,0.17569207
2008-07-31,-0.12097082,-0.17511361,-0.18283572,-0.17130091
2008-08-31,-0.07469767,-0.04763022,-0.05509438,-0.05448950
2008-09-30,-0.11066339,-0.18098517,-0.21499065,-0.21339677
2008-10-31,-0.06025742,-0.14659228,-0.13326905,-0.16066059
2008-11-30,-0.00945059,-0.04560518,-0.09474680,0.01227061
2008-12-31,-0.03818830,-0.01420201,-0.06679325,-0.06249988
2009-01-31,-0.03859452,0.02884060,0.07594062,-0.00982613
2009-02-28,-0.06766823,-0.04683461,-0.00390510,-0.00155319
2009-03-31,-0.08168128,-0.10705719,-0.09467239,-0.10360235
2009-04-30,-0.08884848,-0.02594257,-0.06428128,-0.03871301
2009-05-31,-0.01512446,-0.03461387,-0.04507097,-0.03772113
2009-06-30,0.04169770,0.03260418,0.01046512,-0.02602227
2009-07-31,-0.02341298,-0.06239652,-0.09029257,-0.06386077
2009-08-31,-0.02262305,-0.00641793,-0.02967426,-0.02821694
2009-09-30,-0.00166168,0.02297363,0.02708962,0.04422290
2009-10-31,-0.03080713,-0.04951977,-0.02463393,-0.03588156
2009-11-30,0.04093907,0.00385398,0.01110058,-0.02344607
2009-12-31,0.02779275,0.10107696,0.08235119,0.07223770
2010-01-31,-0.06130084,-0.07010007,-0.08590226,-0.07551712
2010-02-28,0.02858528,0.06747688,0.09460428,0.11994531
2010-03-31,0.00865407,-0.01878132,0.02960368,0.03990410
2010-04-30,-0.01075993,0.03343844,0.06035097,0.05663826
2010-05-31,0.02998614,0.04769222,0.01297664,0.01602398
2010-06-30,-0.01002610,-0.01321207,-0.01106769,-0.02858933
2010-07-31,0.01117096,0.01955503,-0.01416099,0.01160306
2010-08-31,0.00588479,0.02048759,0.03795983,0.05699912
2010-09-30,0.01748993,0.02520204,0.01083818,0.00807730
2010-10-31,0.01858303,0.06409449,0.05475417,0.05888245
2010-11-30,0.03448884,0.12754049,0.07661730,0.09575910
2010-12-31,-0.03466121,-0.06852898,-0.04720337,-0.06586952
2011-01-31,0.01389565,-0.02295098,-0.01209303,-0.02351788
2011-02-28,0.03318480,0.07136567,-0.02522931,-0.01143473
2011-03-31,0.07900421,0.03795043,-0.00171751,0.00220562
2011-04-30,0.01020364,0.00836996,-0.02577908,-0.01687895
2011-05-31,-0.01888737,-0.00291469,-0.04574867,-0.02857132
2011-06-30,0.01013646,0.02485709,0.00154502,0.02252188
2011-07-31,0.01353112,0.05345996,0.00842694,0.02515793
2011-08-31,-0.06031216,-0.03689694,-0.05538794,-0.04651461
2011-09-30,-0.04517515,-0.01350806,-0.02546247,-0.02641112
2011-10-31,-0.03284749,-0.07148615,-0.09204633,-0.07850947
2011-11-30,0.00881429,0.01727559,0.03008140,0.01810167
2011-12-31,-0.01478053,-0.02367074,-0.00716989,0.01067177
2012-01-31,-0.02746038,-0.02883702,-0.05746537,-0.06544589
2012-02-29,0.04300809,0.03336435,0.01261730,0.03347362
2012-03-31,0.02068203,0.00995429,-0.00979759,-0.01598826
2012-04-30,0.03971838,0.07996412,0.05169366,0.05413475
2012-05-31,0.05066520,0.11255665,0.10943912,0.14137866
2012-06-30,0.01780183,0.01171930,-0.04614678,-0.00621929
2012-07-31,0.03557300,0.01857783,-0.01824362,0.00421069
2012-08-31,0.01901105,0.03342604,0.03328191,0.05444416
2012-09-30,-0.00779954,-0.00696680,-0.02064643,-0.02888819
2012-10-31,0.00630373,-0.02829176,0.00914986,-0.04829169
2012-11-30,0.00844753,0.02661361,0.01936886,0.01390784
2012-12-31,-0.02779357,-0.02403751,-0.02348328,-0.04503245
2013-01-31,-0.00681871,-0.01922519,0.01611488,0.01535740
2013-02-28,0.01721324,0.05390935,0.03320683,0.05792412
2013-03-31,0.03917984,0.02997679,0.02491149,0.02796269
2013-04-30,0.00834879,-0.05267096,-0.01339198,-0.05470655
2013-05-31,-0.00368726,0.02801967,0.04057088,0.04536785
2013-06-30,-0.01065009,-0.03419298,-0.02961856,-0.04144508
2013-07-31,0.00689880,0.04295940,0.03253087,0.05789538
2013-08-31,-0.00034554,-0.01642519,-0.01625997,-0.02529736
2013-09-30,0.04290558,0.04703166,0.02407680,0.01162141
2013-10-31,-0.00051819,-0.01952660,-0.02295996,-0.04812007
2013-11-30,0.00929515,0.02978240,0.05227721,0.04474763
2013-12-31,-0.00105171,-0.00027795,0.01425877,-0.00177354
2014-01-31,0.00794148,0.02223253,0.03465015,0.03224183
2014-02-28,0.02872895,0.03493502,0.07769123,0.05698307
2014-03-31,-0.03790395,-0.07506285,-0.09488564,-0.10485507
2014-04-30,-0.05266052,-0.03848800,-0.02089127,-0.01008948
2014-05-31,0.00212726,0.06036232,0.03941707,0.05695116
2014-06-30,0.02124460,-0.02130612,-0.02207795,-0.00471651
2014-07-31,-0.00355440,-0.00872500,-0.01722393,-0.03308140
2014-08-31,0.05130280,0.03596006,0.04140412,0.03321266
2014-09-30,-0.01412819,0.02688404,0.04344699,0.03895323
2014-10-31,-0.01687968,-0.02002456,0.00239436,-0.00821007
2014-11-30,0.04050255,0.06986197,0.04684707,0.03542273
2014-12-31,0.01598516,0.00152675,0.00022881,-0.02535534
2015-01-31,0.02562206,0.01596528,0.01428425,-0.00239136
2015-02-28,-0.02139847,-0.02606109,-0.02637772,-0.04037771
2015-03-31,-0.01066524,0.00832142,0.07994214,0.02155127
2015-04-30,-0.03744877,-0.09951259,-0.11753268,-0.12208161
2015-05-31,0.07564484,0.08666160,0.08374272,0.05408325
2015-06-30,0.00520774,0.00373623,-0.01086429,-0.02061581
2015-07-31,0.08412874,0.09387811,0.03390285,-0.02202519
2015-08-31,-0.02483613,-0.00304149,-0.00933410,0.01246739
2015-09-30,-0.02309162,-0.04873370,0.03977118,0.01542386
2015-10-31,-0.08116483,-0.12021091,-0.06718774,-0.03691916
2015-11-30,0.01818938,0.04503011,0.01519147,0.03315816
2015-12-31,0.01629451,0.03899981,0.00475202,0.03070737
2016-01-31,0.00242279,0.00421027,0.02770908,0.06033813
2016-02-29,-0.03995904,-0.02882758,-0.00887522,-0.01474038
2016-03-31,-0.05276607,-0.01951922,-0.01500777,-0.00399849
2016-04-30,0.01925890,-0.03324118,-0.03398624,-0.05220560
2016-05-31,0.04145893,0.03243332,0.02748993,0.02956082
2016-06-30,0.04056746,0.04355952,0.05785776,0.03492119
2016-07-31,0.00615828,0.00251434,0.00408539,0.00400472
2016-08-31,-0.04422838,-0.06355308,-0.09128807,-0.07863832
2016-09-30,0.03410615,0.03027350,-0.01064420,0.01568966
2016-10-31,0.01395459,-0.07392677,-0.07569971,-0.08120000
2016-11-30,0.01092193,0.03552352,-0.04008053,-0.02465221
2016-12-31,-0.02357646,-0.00070828,-0.02841428,-0.01662938
2017-01-31,0.04281286,0.07421182,0.04394511,0.04468646
2017-02-28,-0.03594336,-0.06560041,-0.03544367,-0.04352567
2017-03-31,0.00733811,0.05023716,-0.01260131,-0.04136265
2017-04-30,-0.00596507,-0.02157838,-0.04056008,-0.02785771
2017-05-31,0.02915363,0.02707759,0.04050015,0.04094139
2017-06-30,-0.02128649,-0.02911886,-0.02813848,-0.02541754
2017-07-31,0.06740921,0.04443162,0.04337191,0.06613515
2017-08-31,0.04738639,0.12783479,0.11739085,0.07598417
2017-09-30,-0.02310121,-0.00959804,-0.00106127,0.00772099
2017-10-31,0.04803778,0.05463814,0.07667606,0.06640484
2017-11-30,-0.03447861,-0.02924903,-0.03806989,-0.03858817
2017-12-31,0.00652034,-0.02502461,-0.08564690,-0.04095565
2018-01-31,0.05415574,0.14174283,0.08758075,0.13905140
2018-02-28,0.01301381,0.07397328,0.05861559,0.07874531
2018-03-31,-0.01930382,-0.04687257,-0.00026024,-0.05701434
2018-04-30,0.00386768,0.03807952,0.00096152,0.03070661
2018-05-31,0.05649580,0.10215143,0.12091263,0.10719547
2018-06-30,-0.00237264,-0.02310200,-0.07440419,-0.04536513
2018-07-31,-0.02766214,-0.07167702,-0.04384654,-0.04438319
2018-08-31,0.13629933,0.08110234,0.09184476,0.08018280
2018-09-30,-0.02158175,-0.00749220,-0.00994148,-0.00887475
2018-10-31,-0.03725121,-0.11046642,-0.08172481,-0.16642637
2018-11-30,-0.03296996,-0.05004434,-0.02323243,0.00076387
2018-12-31,-0.00965177,0.01224286,0.01593916,-0.01213276
2019-01-31,0.01098518,0.03702985,-0.02594989,-0.05362599
2019-02-28,0.02330330,0.03214691,0.02547561,0.04075316
2019-03-31,0.03859534,-0.00231641,0.00513095,0.00408566
2019-04-30,-0.01479722,-0.03426610,-0.02075789,-0.02353804
2019-05-31,0.06064023,0.05917128,0.04763707,0.09503613
2019-06-30,0.00388271,-0.01213844,-0.04601870,-0.04151766
2019-07-31,0.02276763,0.02447139,0.03745133,0.03112942
2019-08-31,0.01501614,0.01151625,0.04885810,0.04642330
2019-09-30,-0.12874246,-0.15858702,-0.13209801,-0.10562203
2019-10-31,0.02225327,-0.02610795,-0.03199457,-0.02742686
2019-11-30,0.00523326,0.01259333,-0.03645824,-0.03506011
2019-12-31,-0.04800746,-0.01504437,-0.01494225,0.01836050
2020-01-31,0.05604691,0.05458416,0.04811619,0.09136790
2020-02-29,0.02913682,0.02041892,0.04253324,-0.01135443
2020-03-31,0.00002470,0.10872897,0.06865307,0.11280202
2020-04-30,0.00440705,0.04038239,0.00839520,0.01801618
2020-05-31,0.04064131,0.07640385,0.03819633,0.05037389
2020-06-30,-0.03466974,0.07398412,0.03947985,0.12977204
2020-07-31,-0.02136973,0.11817151,0.08182360,0.07612097
2020-08-31,-0.04109203,0.20226883,0.01273614,0.15897634
2020-09-30,0.07867728,0.04309387,0.08531899,0.00994764
2020-10-31,-0.08933984,-0.08736004,-0.08817476,-0.07856330
2020-11-30,-0.01919881,0.03758604,0.02186701,0.09434717
2020-12-31,-0.02137454,0.03222041,0.01593599,0.05123987
2021-01-31,0.06800977,0.03779324,0.04203505,0.05562983
2021-02-28,-0.02298351,-0.12875051,-0.02897348,-0.13126583
2021-03-31,-0.06431759,-0.12201442,-0.18360392,-0.13415287
2021-04-30,0.05317127,0.02752052,0.03165191,0.04609758
2021-05-31,0.03592043,-0.05973459,-0.00297520,0.00401298
2021-06-30,-0.00162114,-0.03053885,-0.02426549,-0.05013908
2021-07-31,0.01626479,0.01788364,-0.00823112,-0.01736875
2021-08-31,0.04095676,0.04276024,0.02383024,0.01481048
2021-09-30,0.04064073,0.07406634,0.01201981,-0.00233591
2021-10-31,0.04784458,-0.04939429,0.02763655,0.08258988
2021-11-30,0.08818188,0.17341234,0.03220558,0.15971278
2021-12-31,-0.00085251,-0.09880186,-0.07603490,-0.12196580
2022-01-31,-0.03104743,-0.05117087,-0.08731852,-0.08499840
2022-02-28,0.03752626,0.06156615,0.04534091,0.01296018
2022-03-31,0.06146244,0.09283663,0.05423197,0.05235108
2022-04-30,0.03247848,-0.06266134,0.04619955,-0.09273743
2022-05-31,0.03969150,-0.09343962,0.10446326,-0.10800886
2022-06-30,-0.08538793,-0.06355858,-0.08353817,-0.09809203
2022-07-31,-0.05841217,-0.06395588,-0.06520349,-0.06603350
2022-08-31,0.01263269,0.04935746,0.07177979,0.06027943
2022-09-30,0.00459081,0.05851562,-0.00555980,-0.00929971
2022-10-31,0.03632990,0.06245904,0.11584275,0.11908833
2022-11-30,-0.02597744,-0.04628822,-0.05988107,-0.07699702
2022-12-31,0.00208827,0.01108615,-0.04456038,0.00441290
2023-01-31,-0.10299003,-0.09176327,-0.02576023,-0.03501653
2023-02-28,0.03397290,-0.00161689,-0.02460266,-0.03324846
2023-03-31,-0.00542922,-0.03362639,-0.00217410,-0.05176424
2023-04-30,0.01581233,0.02290642,0.00730188,0.00332021
2023-05-31,0.02454165,0.05743324,-0.00797602,0.04175672
2023-06-30,0.00593271,-0.01818586,0.02215097,-0.00424381
2023-07-31,-0.03611573,0.00845232,0.03057130,0.07784667
2023-08-31,0.00933561,0.03052666,0.00433556,0.03215332
2023-09-30,-0.03357254,-0.05038392,-0.05097823,-0.06968685
2023-10-31,-0.01129586,0.02546424,-0.00238210,-0.03549955
2023-11-30,0.02210119,0.06136857,0.06991046,0.05835310
2023-12-31,-0.02456085,-0.03665439,-0.00371999,-0.00262026
2024-01-31,0.05906488,0.15336138,0.10241278,0.12290426
2024-02-29,0.08114973,0.15489290,0.12782942,0.17171319
2024-03-31,0.00521810,0.01641854,0.02569173,0.02652596
2024-04-30,-0.00126166,-0.09656420,-0.01166839,-0.08854632
2024-05-31,0.02388787,0.13554022,0.04391951,0.04698961
2024-06-30,-0.01450556,0.10119797,0.05307996,0.14692558
2024-07-31,-0.06883786,-0.09156693,-0.04057742,-0.04598488
2024-08-31,0.04775222,0.08894610,-0.00098904,0.03583030
2024-09-30,0.03525144,-0.05351932,0.07521576,-0.02088999
2024-10-31,-0.00115032,0.09981721,0.06057962,0.07185831
2024-11-30,0.01115045,-0.00090455,0.06257950,-0.00951646
2024-12-31,-0.05582335,0.02860881,-0.01688832,0.09951951
2025-01-31,0.02836282,-0.06273192,0.12054111,0.00368001
2025-02-28,0.01725254,0.04583939,-0.04230511,-0.05850568
2025-03-31,-0.01809957,-0.02497164,-0.06362045,-0.07250707
2025-04-30,0.07487410,0.17540151,0.11517500,0.17411526
2025-05-31,0.05892028,0.10073212,0.07831183,0.08438577
2025-06-30,-0.01562263,0.01515537,0.03194443,0.03244403
2025-07-31,-0.01955809,0.03827336,0.08707257,0.02960060
2025-08-31,-0.01236670,0.01669743,-0.01037979,-0.03541725
2025-09-30,0.11593851,0.15558292,0.11191055,0.11333452
2025-10-31,0.06842274,-0.00254838,0.04360742,0.06020148
2025-11-30,-0.07708347,-0.10092025,-0.09268317,-0.09707839
2025-12-31,-0.04322058,0.03951499,-0.00062572,0.02731588
